ISO-10303-21;
HEADER;
FILE_DESCRIPTION(('ViewDefinition[DesignTransferView]'),'2;1');
FILE_NAME('/dev/null','2026-08-24T15:41:26+00:00',(''),(''),'IfcOpenShell 0.8.5','IfcOpenShell 0.8.5','Nobody');
FILE_SCHEMA(('IFC4'));
ENDSEC;
DATA;
#1=IFCPROJECT('0sGisGfhX7fu1_P5fFtULZ',$,'My Desktop Tech Center',$,$,$,$,(#10),#5);
#2=IFCSIUNIT(*,.LENGTHUNIT.,$,.METRE.);
#3=IFCSIUNIT(*,.AREAUNIT.,$,.SQUARE_METRE.);
#4=IFCSIUNIT(*,.VOLUMEUNIT.,$,.CUBIC_METRE.);
#5=IFCUNITASSIGNMENT((#3,#4,#2));
#6=IFCCARTESIANPOINT((0.,0.,0.));
#7=IFCDIRECTION((0.,0.,1.));
#8=IFCDIRECTION((1.,0.,0.));
#9=IFCAXIS2PLACEMENT3D(#6,#7,#8);
#10=IFCGEOMETRICREPRESENTATIONCONTEXT($,'Model',3,1.0000000000000001E-05,#9,#79);
#11=IFCGEOMETRICREPRESENTATIONSUBCONTEXT('Body','Model',*,*,*,*,#10,$,.MODEL_VIEW.,$);
#12=IFCSITE('3xgvYJvrjDlf8ocTebxFlF',$,'Site',$,$,$,$,$,$,(-22,52,6,816000),(-43,12,52,722000),0.,$,$);
#13=IFCBUILDING('2GlW23Sfr9tPvVmp46ErGW',$,'Tech Center',$,$,$,$,$,$,$,$,$);
#14=IFCBUILDINGSTOREY('3bE_nvRxb4U9CBRCIsOl0L',$,'Terreo',$,$,$,$,$,$,0.);
#15=IFCRELAGGREGATES('2AxcomwDr07v3fZwMEvYgu',$,$,$,#1,(#12));
#16=IFCRELAGGREGATES('0voV2CQAPDqxiJB1gFCDOV',$,$,$,#12,(#13));
#17=IFCRELAGGREGATES('0ElWtyGN59e9g4YJi1vjie',$,$,$,#13,(#14));
#18=IFCSLAB('3Us4ry9lbCK8ebh29QJtzu',$,'Laje Terreo',$,$,#33,#28,$,.FLOOR.);
#19=IFCRELCONTAINEDINSPATIALSTRUCTURE('2ZEuEpbDz6uuE8qfBf1UXn',$,$,$,(#3484,#3279,#209,#1120,#341,#308,#2764,#3147,#3191,#3169,#3257,#3235,#1316,#2691,#2713,#2757,#2339,#2383,#2361,#2405,#1016,#237,#325,#2493,#2581,#2647,#373,#2669,#2735,#153,#265,#181,#2787,#2809,#2831,#2875,#2853,#2919,#2941,#2985,#2897,#2963,#293,#3095,#1224,#251,#3125,#3213,#167,#3301,#3323,#3345,#3367,#3411,#3389,#3477,#3433,#2427,#3455,#2471,#2449,#2537,#2515,#2603,#2559,#279,#2625,#195,#138,#912,#223,#3102,#3029,#3051,#3073,#357,#18,#3007),#14);
#20=IFCRECTANGLEPROFILEDEF(.AREA.,'Laje 10x15',$,10.6,14.43);
#21=IFCCARTESIANPOINT((0.,0.,0.));
#22=IFCDIRECTION((0.,0.,1.));
#23=IFCDIRECTION((1.,0.,0.));
#24=IFCAXIS2PLACEMENT3D(#21,#22,#23);
#25=IFCDIRECTION((0.,0.,1.));
#26=IFCEXTRUDEDAREASOLID(#20,#24,#25,0.20000000000000001);
#27=IFCSHAPEREPRESENTATION(#11,'Body','SweptSolid',(#26));
#28=IFCPRODUCTDEFINITIONSHAPE($,$,(#27));
#29=IFCCARTESIANPOINT((0.,0.,0.));
#30=IFCDIRECTION((0.,0.,1.));
#31=IFCDIRECTION((1.,0.,0.));
#32=IFCAXIS2PLACEMENT3D(#29,#30,#31);
#33=IFCLOCALPLACEMENT($,#32);
#34=IFCMATERIAL('Aco',$,'steel');
#35=IFCISHAPEPROFILEDEF(.AREA.,'IPE 200 (placeholder)',$,0.10000000000000001,0.20000000000000001,0.0055999999999999999,0.0085000000000000006,$,$,$);
#79=IFCDIRECTION((-1.,0.));
#138=IFCCOLUMN('2XpAXoMOj1FRkVherFCyST',$,'B1 (A1)',$,$,#151,#146,$,.COLUMN.);
#139=IFCCARTESIANPOINT((0.,0.,0.));
#140=IFCDIRECTION((0.,0.,1.));
#141=IFCDIRECTION((1.,0.,0.));
#142=IFCAXIS2PLACEMENT3D(#139,#140,#141);
#143=IFCDIRECTION((0.,0.,1.));
#144=IFCEXTRUDEDAREASOLID(#35,#142,#143,7.);
#145=IFCSHAPEREPRESENTATION(#11,'Body','SweptSolid',(#144));
#146=IFCPRODUCTDEFINITIONSHAPE($,$,(#145));
#147=IFCCARTESIANPOINT((-4.6699999999999999,6.9550000000000001,0.20000000000000001));
#148=IFCDIRECTION((0.,0.,1.));
#149=IFCDIRECTION((1.,0.,0.));
#150=IFCAXIS2PLACEMENT3D(#147,#148,#149);
#151=IFCLOCALPLACEMENT($,#150);
#152=IFCRELASSOCIATESMATERIAL('0mHxgQiPHEs8ad5o9uM4I8',$,$,$,(#237,#265,#167,#195,#293,#223,#181,#153,#251,#279,#138,#209,#1316),#34);
#153=IFCCOLUMN('3ozbA$qlP49xhndQNlv65p',$,'B3 (B1)',$,$,#166,#161,$,.COLUMN.);
#154=IFCCARTESIANPOINT((0.,0.,0.));
#155=IFCDIRECTION((0.,0.,1.));
#156=IFCDIRECTION((1.,0.,0.));
#157=IFCAXIS2PLACEMENT3D(#154,#155,#156);
#158=IFCDIRECTION((0.,0.,1.));
#159=IFCEXTRUDEDAREASOLID(#35,#157,#158,7.);
#160=IFCSHAPEREPRESENTATION(#11,'Body','SweptSolid',(#159));
#161=IFCPRODUCTDEFINITIONSHAPE($,$,(#160));
#162=IFCCARTESIANPOINT((0.,6.9550000000000001,0.20000000000000001));
#163=IFCDIRECTION((0.,0.,1.));
#164=IFCDIRECTION((1.,0.,0.));
#165=IFCAXIS2PLACEMENT3D(#162,#163,#164);
#166=IFCLOCALPLACEMENT($,#165);
#167=IFCCOLUMN('3q8vx0l5X2$QTIh2TspJIf',$,'B1 (C1)',$,$,#180,#175,$,.COLUMN.);
#168=IFCCARTESIANPOINT((0.,0.,0.));
#169=IFCDIRECTION((0.,0.,1.));
#170=IFCDIRECTION((1.,0.,0.));
#171=IFCAXIS2PLACEMENT3D(#168,#169,#170);
#172=IFCDIRECTION((0.,0.,1.));
#173=IFCEXTRUDEDAREASOLID(#35,#171,#172,7.);
#174=IFCSHAPEREPRESENTATION(#11,'Body','SweptSolid',(#173));
#175=IFCPRODUCTDEFINITIONSHAPE($,$,(#174));
#176=IFCCARTESIANPOINT((4.6699999999999999,6.9550000000000001,0.20000000000000001));
#177=IFCDIRECTION((0.,0.,1.));
#178=IFCDIRECTION((1.,0.,0.));
#179=IFCAXIS2PLACEMENT3D(#176,#177,#178);
#180=IFCLOCALPLACEMENT($,#179);
#181=IFCCOLUMN('33BP3I7zjBEhoUxB7R8yyy',$,'B2 (A2)',$,$,#194,#189,$,.COLUMN.);
#182=IFCCARTESIANPOINT((0.,0.,0.));
#183=IFCDIRECTION((0.,0.,1.));
#184=IFCDIRECTION((1.,0.,0.));
#185=IFCAXIS2PLACEMENT3D(#182,#183,#184);
#186=IFCDIRECTION((0.,0.,1.));
#187=IFCEXTRUDEDAREASOLID(#35,#185,#186,7.);
#188=IFCSHAPEREPRESENTATION(#11,'Body','SweptSolid',(#187));
#189=IFCPRODUCTDEFINITIONSHAPE($,$,(#188));
#190=IFCCARTESIANPOINT((-4.6699999999999999,2.2850000000000001,0.20000000000000001));
#191=IFCDIRECTION((0.,0.,1.));
#192=IFCDIRECTION((1.,0.,0.));
#193=IFCAXIS2PLACEMENT3D(#190,#191,#192);
#194=IFCLOCALPLACEMENT($,#193);
#195=IFCCOLUMN('0kDeu5fzT3rwHlEUhwuXo7',$,'B2 (C2)',$,$,#208,#203,$,.COLUMN.);
#196=IFCCARTESIANPOINT((0.,0.,0.));
#197=IFCDIRECTION((0.,0.,1.));
#198=IFCDIRECTION((1.,0.,0.));
#199=IFCAXIS2PLACEMENT3D(#196,#197,#198);
#200=IFCDIRECTION((0.,0.,1.));
#201=IFCEXTRUDEDAREASOLID(#35,#199,#200,7.);
#202=IFCSHAPEREPRESENTATION(#11,'Body','SweptSolid',(#201));
#203=IFCPRODUCTDEFINITIONSHAPE($,$,(#202));
#204=IFCCARTESIANPOINT((4.6699999999999999,2.2850000000000001,0.20000000000000001));
#205=IFCDIRECTION((0.,0.,1.));
#206=IFCDIRECTION((1.,0.,0.));
#207=IFCAXIS2PLACEMENT3D(#204,#205,#206);
#208=IFCLOCALPLACEMENT($,#207);
#209=IFCCOLUMN('0uzbVLhk9D39nfQ4_dy3yn',$,'B2 (A3)',$,$,#222,#217,$,.COLUMN.);
#210=IFCCARTESIANPOINT((0.,0.,0.));
#211=IFCDIRECTION((0.,0.,1.));
#212=IFCDIRECTION((1.,0.,0.));
#213=IFCAXIS2PLACEMENT3D(#210,#211,#212);
#214=IFCDIRECTION((0.,0.,1.));
#215=IFCEXTRUDEDAREASOLID(#35,#213,#214,7.);
#216=IFCSHAPEREPRESENTATION(#11,'Body','SweptSolid',(#215));
#217=IFCPRODUCTDEFINITIONSHAPE($,$,(#216));
#218=IFCCARTESIANPOINT((-4.6699999999999999,-2.2149999999999999,0.20000000000000001));
#219=IFCDIRECTION((0.,0.,1.));
#220=IFCDIRECTION((1.,0.,0.));
#221=IFCAXIS2PLACEMENT3D(#218,#219,#220);
#222=IFCLOCALPLACEMENT($,#221);
#223=IFCCOLUMN('0Gmc7LTOr7$v2jV3BvxDVo',$,'B2 (C3)',$,$,#236,#231,$,.COLUMN.);
#224=IFCCARTESIANPOINT((0.,0.,0.));
#225=IFCDIRECTION((0.,0.,1.));
#226=IFCDIRECTION((1.,0.,0.));
#227=IFCAXIS2PLACEMENT3D(#224,#225,#226);
#228=IFCDIRECTION((0.,0.,1.));
#229=IFCEXTRUDEDAREASOLID(#35,#227,#228,7.);
#230=IFCSHAPEREPRESENTATION(#11,'Body','SweptSolid',(#229));
#231=IFCPRODUCTDEFINITIONSHAPE($,$,(#230));
#232=IFCCARTESIANPOINT((4.6699999999999999,-2.2149999999999999,0.20000000000000001));
#233=IFCDIRECTION((0.,0.,1.));
#234=IFCDIRECTION((1.,0.,0.));
#235=IFCAXIS2PLACEMENT3D(#232,#233,#234);
#236=IFCLOCALPLACEMENT($,#235);
#237=IFCCOLUMN('0vJ_rk5mjFQO$Q71IfxO3$',$,'B1 (A4)',$,$,#250,#245,$,.COLUMN.);
#238=IFCCARTESIANPOINT((0.,0.,0.));
#239=IFCDIRECTION((0.,0.,1.));
#240=IFCDIRECTION((1.,0.,0.));
#241=IFCAXIS2PLACEMENT3D(#238,#239,#240);
#242=IFCDIRECTION((0.,0.,1.));
#243=IFCEXTRUDEDAREASOLID(#35,#241,#242,7.);
#244=IFCSHAPEREPRESENTATION(#11,'Body','SweptSolid',(#243));
#245=IFCPRODUCTDEFINITIONSHAPE($,$,(#244));
#246=IFCCARTESIANPOINT((-4.6699999999999999,-6.8849999999999998,0.20000000000000001));
#247=IFCDIRECTION((0.,0.,1.));
#248=IFCDIRECTION((1.,0.,0.));
#249=IFCAXIS2PLACEMENT3D(#246,#247,#248);
#250=IFCLOCALPLACEMENT($,#249);
#251=IFCCOLUMN('22KUCwMpLB6fyQtENrsEAs',$,'B4 (1)',$,$,#264,#259,$,.COLUMN.);
#252=IFCCARTESIANPOINT((0.,0.,0.));
#253=IFCDIRECTION((0.,0.,1.));
#254=IFCDIRECTION((1.,0.,0.));
#255=IFCAXIS2PLACEMENT3D(#252,#253,#254);
#256=IFCDIRECTION((0.,0.,1.));
#257=IFCEXTRUDEDAREASOLID(#35,#255,#256,7.);
#258=IFCSHAPEREPRESENTATION(#11,'Body','SweptSolid',(#257));
#259=IFCPRODUCTDEFINITIONSHAPE($,$,(#258));
#260=IFCCARTESIANPOINT((-2.625,-6.8849999999999998,0.20000000000000001));
#261=IFCDIRECTION((0.,0.,1.));
#262=IFCDIRECTION((1.,0.,0.));
#263=IFCAXIS2PLACEMENT3D(#260,#261,#262);
#264=IFCLOCALPLACEMENT($,#263);
#265=IFCCOLUMN('2RgKwz94b4benpW_phrYFa',$,'B4 (2)',$,$,#278,#273,$,.COLUMN.);
#266=IFCCARTESIANPOINT((0.,0.,0.));
#267=IFCDIRECTION((0.,0.,1.));
#268=IFCDIRECTION((1.,0.,0.));
#269=IFCAXIS2PLACEMENT3D(#266,#267,#268);
#270=IFCDIRECTION((0.,0.,1.));
#271=IFCEXTRUDEDAREASOLID(#35,#269,#270,7.);
#272=IFCSHAPEREPRESENTATION(#11,'Body','SweptSolid',(#271));
#273=IFCPRODUCTDEFINITIONSHAPE($,$,(#272));
#274=IFCCARTESIANPOINT((2.625,-6.8849999999999998,0.20000000000000001));
#275=IFCDIRECTION((0.,0.,1.));
#276=IFCDIRECTION((1.,0.,0.));
#277=IFCAXIS2PLACEMENT3D(#274,#275,#276);
#278=IFCLOCALPLACEMENT($,#277);
#279=IFCCOLUMN('1U6_GvKl54Rxn$MyU9OhC4',$,'B1 (C4)',$,$,#292,#287,$,.COLUMN.);
#280=IFCCARTESIANPOINT((0.,0.,0.));
#281=IFCDIRECTION((0.,0.,1.));
#282=IFCDIRECTION((1.,0.,0.));
#283=IFCAXIS2PLACEMENT3D(#280,#281,#282);
#284=IFCDIRECTION((0.,0.,1.));
#285=IFCEXTRUDEDAREASOLID(#35,#283,#284,7.);
#286=IFCSHAPEREPRESENTATION(#11,'Body','SweptSolid',(#285));
#287=IFCPRODUCTDEFINITIONSHAPE($,$,(#286));
#288=IFCCARTESIANPOINT((4.6699999999999999,-6.8849999999999998,0.20000000000000001));
#289=IFCDIRECTION((0.,0.,1.));
#290=IFCDIRECTION((1.,0.,0.));
#291=IFCAXIS2PLACEMENT3D(#288,#289,#290);
#292=IFCLOCALPLACEMENT($,#291);
#293=IFCCOLUMN('2VuviGne50SO3wBQRdhATe',$,'B5 (posicao incerta - natureza nao confirmada)',$,$,#306,#301,$,.COLUMN.);
#294=IFCCARTESIANPOINT((0.,0.,0.));
#295=IFCDIRECTION((0.,0.,1.));
#296=IFCDIRECTION((1.,0.,0.));
#297=IFCAXIS2PLACEMENT3D(#294,#295,#296);
#298=IFCDIRECTION((0.,0.,1.));
#299=IFCEXTRUDEDAREASOLID(#35,#297,#298,7.);
#300=IFCSHAPEREPRESENTATION(#11,'Body','SweptSolid',(#299));
#301=IFCPRODUCTDEFINITIONSHAPE($,$,(#300));
#302=IFCCARTESIANPOINT((0.,4.6150000000000002,0.20000000000000001));
#303=IFCDIRECTION((0.,0.,1.));
#304=IFCDIRECTION((1.,0.,0.));
#305=IFCAXIS2PLACEMENT3D(#302,#303,#304);
#306=IFCLOCALPLACEMENT($,#305);
#307=IFCMATERIAL('Alvenaria',$,'masonry');
#308=IFCWALL('0$1sxGCjD68AteLu2Cm3Nx',$,'Alvenaria - Fachada Leste',$,$,#834,#835,$,.STANDARD.);
#309=IFCCARTESIANPOINTLIST2D(((0.,0.),(0.,0.20000000000000001),(10.6,0.20000000000000001),(10.6,0.),(0.,0.)));
#310=IFCINDEXEDPOLYCURVE(#309,$,.F.);
#311=IFCDIRECTION((0.,0.,1.));
#312=IFCARBITRARYCLOSEDPROFILEDEF(.AREA.,$,#310);
#313=IFCCARTESIANPOINT((0.,0.,0.));
#314=IFCDIRECTION((0.,0.,1.));
#315=IFCDIRECTION((1.,0.,0.));
#316=IFCAXIS2PLACEMENT3D(#313,#314,#315);
#317=IFCEXTRUDEDAREASOLID(#312,#316,#311,7.);
#318=IFCSHAPEREPRESENTATION(#11,'Body','SweptSolid',(#317));
#324=IFCRELASSOCIATESMATERIAL('1J8vY41wLAQfGRPb49l3vn',$,$,$,(#308,#341,#325,#357,#373),#307);
#325=IFCWALL('0Yvh0YY_52Kv6otrq05vu8',$,'Alvenaria - Fachada Oeste',$,$,#850,#851,$,.STANDARD.);
#326=IFCCARTESIANPOINTLIST2D(((0.,0.),(0.,0.20000000000000001),(10.6,0.20000000000000001),(10.6,0.),(0.,0.)));
#327=IFCINDEXEDPOLYCURVE(#326,$,.F.);
#328=IFCDIRECTION((0.,0.,1.));
#329=IFCARBITRARYCLOSEDPROFILEDEF(.AREA.,$,#327);
#330=IFCCARTESIANPOINT((0.,0.,0.));
#331=IFCDIRECTION((0.,0.,1.));
#332=IFCDIRECTION((1.,0.,0.));
#333=IFCAXIS2PLACEMENT3D(#330,#331,#332);
#334=IFCEXTRUDEDAREASOLID(#329,#333,#328,7.);
#335=IFCSHAPEREPRESENTATION(#11,'Body','SweptSolid',(#334));
#341=IFCWALL('3HtfrLuwX92B1InLmrlPOG',$,'Alvenaria - Lateral Norte',$,$,#866,#867,$,.STANDARD.);
#342=IFCCARTESIANPOINTLIST2D(((0.,0.),(0.,0.20000000000000001),(14.43,0.20000000000000001),(14.43,0.),(0.,0.)));
#343=IFCINDEXEDPOLYCURVE(#342,$,.F.);
#344=IFCDIRECTION((0.,0.,1.));
#345=IFCARBITRARYCLOSEDPROFILEDEF(.AREA.,$,#343);
#346=IFCCARTESIANPOINT((0.,0.,0.));
#347=IFCDIRECTION((0.,0.,1.));
#348=IFCDIRECTION((1.,0.,0.));
#349=IFCAXIS2PLACEMENT3D(#346,#347,#348);
#350=IFCEXTRUDEDAREASOLID(#345,#349,#344,7.);
#351=IFCSHAPEREPRESENTATION(#11,'Body','SweptSolid',(#350));
#357=IFCWALL('3cE5eIyav1Ev4BOHQ9d9M3',$,'Alvenaria - Lateral Sul',$,$,#882,#883,$,.STANDARD.);
#358=IFCCARTESIANPOINTLIST2D(((0.,0.),(0.,0.20000000000000001),(14.43,0.20000000000000001),(14.43,0.),(0.,0.)));
#359=IFCINDEXEDPOLYCURVE(#358,$,.F.);
#360=IFCDIRECTION((0.,0.,1.));
#361=IFCARBITRARYCLOSEDPROFILEDEF(.AREA.,$,#359);
#362=IFCCARTESIANPOINT((0.,0.,0.));
#363=IFCDIRECTION((0.,0.,1.));
#364=IFCDIRECTION((1.,0.,0.));
#365=IFCAXIS2PLACEMENT3D(#362,#363,#364);
#366=IFCEXTRUDEDAREASOLID(#361,#365,#360,7.);
#367=IFCSHAPEREPRESENTATION(#11,'Body','SweptSolid',(#366));
#373=IFCWALL('3H7hoHrmr4l9KpoSIEj7Cf',$,'Alvenaria - Divisa Casa de Maquinas',$,$,#898,#899,$,.STANDARD.);
#374=IFCCARTESIANPOINTLIST2D(((0.,0.),(0.,0.20000000000000001),(10.6,0.20000000000000001),(10.6,0.),(0.,0.)));
#375=IFCINDEXEDPOLYCURVE(#374,$,.F.);
#376=IFCDIRECTION((0.,0.,1.));
#377=IFCARBITRARYCLOSEDPROFILEDEF(.AREA.,$,#375);
#378=IFCCARTESIANPOINT((0.,0.,0.));
#379=IFCDIRECTION((0.,0.,1.));
#380=IFCDIRECTION((1.,0.,0.));
#381=IFCAXIS2PLACEMENT3D(#378,#379,#380);
#382=IFCEXTRUDEDAREASOLID(#377,#381,#376,7.);
#383=IFCSHAPEREPRESENTATION(#11,'Body','SweptSolid',(#382));
#820=IFCCARTESIANPOINTLIST2D(((0.,0.),(0.,0.14000000000000001),(9.3399999999999999,0.14000000000000001),(9.3399999999999999,0.),(0.,0.)));
#821=IFCINDEXEDPOLYCURVE(#820,$,.F.);
#822=IFCDIRECTION((0.,0.,1.));
#823=IFCARBITRARYCLOSEDPROFILEDEF(.AREA.,$,#821);
#824=IFCCARTESIANPOINT((0.,0.,0.));
#825=IFCDIRECTION((0.,0.,1.));
#826=IFCDIRECTION((1.,0.,0.));
#827=IFCAXIS2PLACEMENT3D(#824,#825,#826);
#828=IFCEXTRUDEDAREASOLID(#823,#827,#822,7.);
#829=IFCSHAPEREPRESENTATION(#11,'Body','SweptSolid',(#828));
#830=IFCCARTESIANPOINT((-4.6699999999999999,6.8849999999999998,0.20000000000000001));
#831=IFCDIRECTION((0.,0.,1.));
#832=IFCDIRECTION((1.,0.,0.));
#833=IFCAXIS2PLACEMENT3D(#830,#831,#832);
#834=IFCLOCALPLACEMENT($,#833);
#835=IFCPRODUCTDEFINITIONSHAPE($,$,(#829));
#836=IFCCARTESIANPOINTLIST2D(((0.,0.),(0.,0.14000000000000001),(9.3399999999999999,0.14000000000000001),(9.3399999999999999,0.),(0.,0.)));
#837=IFCINDEXEDPOLYCURVE(#836,$,.F.);
#838=IFCDIRECTION((0.,0.,1.));
#839=IFCARBITRARYCLOSEDPROFILEDEF(.AREA.,$,#837);
#840=IFCCARTESIANPOINT((0.,0.,0.));
#841=IFCDIRECTION((0.,0.,1.));
#842=IFCDIRECTION((1.,0.,0.));
#843=IFCAXIS2PLACEMENT3D(#840,#841,#842);
#844=IFCEXTRUDEDAREASOLID(#839,#843,#838,7.);
#845=IFCSHAPEREPRESENTATION(#11,'Body','SweptSolid',(#844));
#846=IFCCARTESIANPOINT((-4.6699999999999999,-6.9550000000000001,0.20000000000000001));
#847=IFCDIRECTION((0.,0.,1.));
#848=IFCDIRECTION((1.,0.,0.));
#849=IFCAXIS2PLACEMENT3D(#846,#847,#848);
#850=IFCLOCALPLACEMENT($,#849);
#851=IFCPRODUCTDEFINITIONSHAPE($,$,(#845));
#852=IFCCARTESIANPOINTLIST2D(((0.,0.),(0.,0.14000000000000001),(13.84,0.14000000000000001),(13.84,0.),(0.,0.)));
#853=IFCINDEXEDPOLYCURVE(#852,$,.F.);
#854=IFCDIRECTION((0.,0.,1.));
#855=IFCARBITRARYCLOSEDPROFILEDEF(.AREA.,$,#853);
#856=IFCCARTESIANPOINT((0.,0.,0.));
#857=IFCDIRECTION((0.,0.,1.));
#858=IFCDIRECTION((1.,0.,0.));
#859=IFCAXIS2PLACEMENT3D(#856,#857,#858);
#860=IFCEXTRUDEDAREASOLID(#855,#859,#854,7.);
#861=IFCSHAPEREPRESENTATION(#11,'Body','SweptSolid',(#860));
#862=IFCCARTESIANPOINT((-4.5999999999999996,-6.8849999999999998,0.20000000000000001));
#863=IFCDIRECTION((0.,0.,1.));
#864=IFCDIRECTION((0.,1.,0.));
#865=IFCAXIS2PLACEMENT3D(#862,#863,#864);
#866=IFCLOCALPLACEMENT($,#865);
#867=IFCPRODUCTDEFINITIONSHAPE($,$,(#861));
#868=IFCCARTESIANPOINTLIST2D(((0.,0.),(0.,0.14000000000000001),(13.84,0.14000000000000001),(13.84,0.),(0.,0.)));
#869=IFCINDEXEDPOLYCURVE(#868,$,.F.);
#870=IFCDIRECTION((0.,0.,1.));
#871=IFCARBITRARYCLOSEDPROFILEDEF(.AREA.,$,#869);
#872=IFCCARTESIANPOINT((0.,0.,0.));
#873=IFCDIRECTION((0.,0.,1.));
#874=IFCDIRECTION((1.,0.,0.));
#875=IFCAXIS2PLACEMENT3D(#872,#873,#874);
#876=IFCEXTRUDEDAREASOLID(#871,#875,#870,7.);
#877=IFCSHAPEREPRESENTATION(#11,'Body','SweptSolid',(#876));
#878=IFCCARTESIANPOINT((4.7400000000000002,-6.8849999999999998,0.20000000000000001));
#879=IFCDIRECTION((0.,0.,1.));
#880=IFCDIRECTION((0.,1.,0.));
#881=IFCAXIS2PLACEMENT3D(#878,#879,#880);
#882=IFCLOCALPLACEMENT($,#881);
#883=IFCPRODUCTDEFINITIONSHAPE($,$,(#877));
#884=IFCCARTESIANPOINTLIST2D(((0.,0.),(0.,0.14000000000000001),(9.3399999999999999,0.14000000000000001),(9.3399999999999999,0.),(0.,0.)));
#885=IFCINDEXEDPOLYCURVE(#884,$,.F.);
#886=IFCDIRECTION((0.,0.,1.));
#887=IFCARBITRARYCLOSEDPROFILEDEF(.AREA.,$,#885);
#888=IFCCARTESIANPOINT((0.,0.,0.));
#889=IFCDIRECTION((0.,0.,1.));
#890=IFCDIRECTION((1.,0.,0.));
#891=IFCAXIS2PLACEMENT3D(#888,#889,#890);
#892=IFCEXTRUDEDAREASOLID(#887,#891,#886,7.);
#893=IFCSHAPEREPRESENTATION(#11,'Body','SweptSolid',(#892));
#894=IFCCARTESIANPOINT((-4.6699999999999999,4.5449999999999999,0.20000000000000001));
#895=IFCDIRECTION((0.,0.,1.));
#896=IFCDIRECTION((1.,0.,0.));
#897=IFCAXIS2PLACEMENT3D(#894,#895,#896);
#898=IFCLOCALPLACEMENT($,#897);
#899=IFCPRODUCTDEFINITIONSHAPE($,$,(#893));
#900=IFCOPENINGELEMENT('3qYeV74T97aPI_ll6W0qXJ',$,'Vao - P01 - Porta Corta-Fogo',$,$,#1002,#911,$,$);
#901=IFCCARTESIANPOINTLIST2D(((0.,0.),(0.,0.34000000000000002),(1.05,0.34000000000000002),(1.05,0.),(0.,0.)));
#902=IFCINDEXEDPOLYCURVE(#901,$,.F.);
#903=IFCDIRECTION((0.,0.,1.));
#904=IFCARBITRARYCLOSEDPROFILEDEF(.AREA.,$,#902);
#905=IFCCARTESIANPOINT((0.,0.,0.));
#906=IFCDIRECTION((0.,0.,1.));
#907=IFCDIRECTION((1.,0.,0.));
#908=IFCAXIS2PLACEMENT3D(#905,#906,#907);
#909=IFCEXTRUDEDAREASOLID(#904,#908,#903,2.1000000000000001);
#910=IFCSHAPEREPRESENTATION(#11,'Body','SweptSolid',(#909));
#911=IFCPRODUCTDEFINITIONSHAPE($,$,(#910));
#912=IFCDOOR('27G3g_C7HEM8UQEswp3pD$',$,'P01 - Porta Corta-Fogo',$,$,#996,#986,$,$,$,.DOOR.,$,$);
#913=IFCCARTESIANPOINTLIST2D(((0.,0.),(0.,2.1000000000000001),(1.,2.1000000000000001),(1.,0.),(0.97499999999999998,0.),(0.97499999999999998,2.0750000000000002),(0.025000000000000001,2.0750000000000002),(0.025000000000000001,0.)));
#914=IFCINDEXEDPOLYCURVE(#913,(IFCLINEINDEX((1,2,3,4,5,6,7,8,1))),$);
#915=IFCARBITRARYCLOSEDPROFILEDEF(.AREA.,$,#914);
#916=IFCCARTESIANPOINT((0.,0.025000000000000001,0.));
#917=IFCDIRECTION((0.,-1.,0.));
#918=IFCDIRECTION((1.,0.,0.));
#919=IFCAXIS2PLACEMENT3D(#916,#917,#918);
#920=IFCDIRECTION((0.,0.,-1.));
#921=IFCEXTRUDEDAREASOLID(#915,#919,#920,0.025000000000000001);
#922=IFCCARTESIANPOINTLIST2D(((0.,0.),(0.,2.1000000000000001),(1.,2.1000000000000001),(1.,0.),(0.94999999999999996,0.),(0.94999999999999996,2.0500000000000003),(0.050000000000000003,2.0500000000000003),(0.050000000000000003,0.)));
#923=IFCINDEXEDPOLYCURVE(#922,(IFCLINEINDEX((1,2,3,4,5,6,7,8,1))),$);
#924=IFCARBITRARYCLOSEDPROFILEDEF(.AREA.,$,#923);
#925=IFCCARTESIANPOINT((0.,0.,0.));
#926=IFCDIRECTION((0.,-1.,0.));
#927=IFCDIRECTION((1.,0.,0.));
#928=IFCAXIS2PLACEMENT3D(#925,#926,#927);
#929=IFCDIRECTION((0.,0.,-1.));
#930=IFCEXTRUDEDAREASOLID(#924,#928,#929,0.025000000000000001);
#931=IFCCARTESIANPOINTLIST2D(((0.,0.),(0.90000000000000002,0.),(0.90000000000000002,0.10000000000000001),(0.,0.10000000000000001)));
#932=IFCINDEXEDPOLYCURVE(#931,(IFCLINEINDEX((1,2,3,4,1))),$);
#933=IFCARBITRARYCLOSEDPROFILEDEF(.AREA.,$,#932);
#934=IFCCARTESIANPOINT((0.050000000000000003,0.,0.));
#935=IFCDIRECTION((0.,0.,1.));
#936=IFCDIRECTION((1.,0.,0.));
#937=IFCAXIS2PLACEMENT3D(#934,#935,#936);
#938=IFCDIRECTION((0.,0.,1.));
#939=IFCEXTRUDEDAREASOLID(#933,#937,#938,0.025000000000000001);
#940=IFCCARTESIANPOINTLIST2D(((0.,0.),(0.,2.125),(1.05,2.125),(1.05,0.),(0.97500000000000009,0.),(0.97500000000000009,2.0499999999999998),(0.074999999999999997,2.0499999999999998),(0.074999999999999997,0.)));
#941=IFCINDEXEDPOLYCURVE(#940,(IFCLINEINDEX((1,2,3,4,5,6,7,8,1))),$);
#942=IFCARBITRARYCLOSEDPROFILEDEF(.AREA.,$,#941);
#943=IFCCARTESIANPOINT((-0.024999999999999994,-0.0050000000000000001,0.));
#944=IFCDIRECTION((0.,-1.,0.));
#945=IFCDIRECTION((1.,0.,0.));
#946=IFCAXIS2PLACEMENT3D(#943,#944,#945);
#947=IFCDIRECTION((0.,0.,-1.));
#948=IFCEXTRUDEDAREASOLID(#942,#946,#947,0.0050000000000000001);
#949=IFCCARTESIANPOINTLIST2D(((0.,0.),(0.,2.125),(1.05,2.125),(1.05,0.),(1.,0.),(1.,2.0750000000000002),(0.049999999999999996,2.0750000000000002),(0.049999999999999996,0.)));
#950=IFCINDEXEDPOLYCURVE(#949,(IFCLINEINDEX((1,2,3,4,5,6,7,8,1))),$);
#951=IFCARBITRARYCLOSEDPROFILEDEF(.AREA.,$,#950);
#952=IFCCARTESIANPOINT((-0.024999999999999994,0.050000000000000003,0.));
#953=IFCDIRECTION((0.,-1.,0.));
#954=IFCDIRECTION((1.,0.,0.));
#955=IFCAXIS2PLACEMENT3D(#952,#953,#954);
#956=IFCDIRECTION((0.,0.,-1.));
#957=IFCEXTRUDEDAREASOLID(#951,#955,#956,0.0050000000000000001);
#958=IFCCARTESIANPOINTLIST2D(((0.,0.),(0.94999999999999996,0.),(0.94999999999999996,0.035000000000000003),(0.,0.035000000000000003)));
#959=IFCINDEXEDPOLYCURVE(#958,(IFCLINEINDEX((1,2,3,4,1))),$);
#960=IFCARBITRARYCLOSEDPROFILEDEF(.AREA.,$,#959);
#961=IFCCARTESIANPOINT((0.025000000000000001,0.025000000000000001,0.025000000000000001));
#962=IFCDIRECTION((0.,0.,1.));
#963=IFCDIRECTION((1.,0.,0.));
#964=IFCAXIS2PLACEMENT3D(#961,#962,#963);
#965=IFCDIRECTION((0.,0.,1.));
#966=IFCEXTRUDEDAREASOLID(#960,#964,#965,2.0500000000000003);
#967=IFCCARTESIANPOINTLIST2D(((0.,0.),(0.,-0.040000000000000001),(-0.12000000000000011,-0.040000000000000001),(-0.12000000000000011,-0.02),(-0.020000000000000018,-0.02),(-0.020000000000000018,0.)));
#968=IFCINDEXEDPOLYCURVE(#967,(IFCLINEINDEX((1,2,3,4,5,6,1))),$);
#969=IFCARBITRARYCLOSEDPROFILEDEF(.AREA.,$,#968);
#970=IFCCARTESIANPOINT((0.92500000000000004,0.025000000000000001,1.0149999999999999));
#971=IFCDIRECTION((0.,0.,1.));
#972=IFCDIRECTION((1.,0.,0.));
#973=IFCAXIS2PLACEMENT3D(#970,#971,#972);
#974=IFCDIRECTION((0.,0.,1.));
#975=IFCEXTRUDEDAREASOLID(#969,#973,#974,0.02);
#976=IFCEXTRUDEDAREASOLID(#977,#980,#984,0.02);
#977=IFCARBITRARYCLOSEDPROFILEDEF(.AREA.,$,#978);
#978=IFCINDEXEDPOLYCURVE(#979,(IFCLINEINDEX((1,2,3,4,5,6,1))),$);
#979=IFCCARTESIANPOINTLIST2D(((0.,0.),(0.,0.040000000000000001),(-0.12000000000000011,0.040000000000000001),(-0.12000000000000011,0.020000000000000011),(-0.020000000000000018,0.020000000000000011),(-0.020000000000000018,0.)));
#980=IFCAXIS2PLACEMENT3D(#981,#982,#983);
#981=IFCCARTESIANPOINT((0.92500000000000004,0.060000000000000005,1.0149999999999999));
#982=IFCDIRECTION((0.,0.,1.));
#983=IFCDIRECTION((1.,0.,0.));
#984=IFCDIRECTION((0.,0.,1.));
#985=IFCSHAPEREPRESENTATION(#11,'Body','SweptSolid',(#921,#930,#966,#975,#976,#939,#948,#957));
#986=IFCPRODUCTDEFINITIONSHAPE($,$,(#985));
#992=IFCCARTESIANPOINT((4.7400000000000002,3.7000000000000002,0.20000000000000001));
#993=IFCDIRECTION((0.,0.,1.));
#994=IFCDIRECTION((0.,1.,0.));
#995=IFCAXIS2PLACEMENT3D(#992,#993,#994);
#996=IFCLOCALPLACEMENT($,#995);
#997=IFCRELVOIDSELEMENT('1dbBLtxXnDCe_gLRRZkHW$',$,$,$,#357,#900);
#998=IFCCARTESIANPOINT((10.585000000000001,0.,0.));
#999=IFCDIRECTION((0.,0.,1.));
#1000=IFCDIRECTION((1.,0.,0.));
#1001=IFCAXIS2PLACEMENT3D(#998,#999,#1000);
#1002=IFCLOCALPLACEMENT(#882,#1001);
#1003=IFCRELFILLSELEMENT('2QxLuG2SfDlgaJVLyBdL2R',$,$,$,#900,#912);
#1004=IFCOPENINGELEMENT('3086TfS05C$eWTnWRVpktz',$,'Vao - P02 - Portao de Correr Duplo',$,$,#1106,#1015,$,$);
#1005=IFCCARTESIANPOINTLIST2D(((0.,0.),(0.,0.34000000000000002),(5.0499999999999998,0.34000000000000002),(5.0499999999999998,0.),(0.,0.)));
#1006=IFCINDEXEDPOLYCURVE(#1005,$,.F.);
#1007=IFCDIRECTION((0.,0.,1.));
#1008=IFCARBITRARYCLOSEDPROFILEDEF(.AREA.,$,#1006);
#1009=IFCCARTESIANPOINT((0.,0.,0.));
#1010=IFCDIRECTION((0.,0.,1.));
#1011=IFCDIRECTION((1.,0.,0.));
#1012=IFCAXIS2PLACEMENT3D(#1009,#1010,#1011);
#1013=IFCEXTRUDEDAREASOLID(#1008,#1012,#1007,6.);
#1014=IFCSHAPEREPRESENTATION(#11,'Body','SweptSolid',(#1013));
#1015=IFCPRODUCTDEFINITIONSHAPE($,$,(#1014));
#1016=IFCDOOR('10dgy3guf7J9RiPBR5B347',$,'P02 - Portao de Correr Duplo',$,$,#1100,#1090,$,$,$,.DOOR.,$,$);
#1017=IFCCARTESIANPOINTLIST2D(((0.,0.),(0.,6.),(5.,6.),(5.,0.),(4.9749999999999996,0.),(4.9749999999999996,5.9749999999999996),(0.025000000000000001,5.9749999999999996),(0.025000000000000001,0.)));
#1018=IFCINDEXEDPOLYCURVE(#1017,(IFCLINEINDEX((1,2,3,4,5,6,7,8,1))),$);
#1019=IFCARBITRARYCLOSEDPROFILEDEF(.AREA.,$,#1018);
#1020=IFCCARTESIANPOINT((0.,0.025000000000000001,0.));
#1021=IFCDIRECTION((0.,-1.,0.));
#1022=IFCDIRECTION((1.,0.,0.));
#1023=IFCAXIS2PLACEMENT3D(#1020,#1021,#1022);
#1024=IFCDIRECTION((0.,0.,-1.));
#1025=IFCEXTRUDEDAREASOLID(#1019,#1023,#1024,0.025000000000000001);
#1026=IFCCARTESIANPOINTLIST2D(((0.,0.),(0.,6.),(5.,6.),(5.,0.),(4.9500000000000002,0.),(4.9500000000000002,5.9500000000000002),(0.050000000000000003,5.9500000000000002),(0.050000000000000003,0.)));
#1027=IFCINDEXEDPOLYCURVE(#1026,(IFCLINEINDEX((1,2,3,4,5,6,7,8,1))),$);
#1028=IFCARBITRARYCLOSEDPROFILEDEF(.AREA.,$,#1027);
#1029=IFCCARTESIANPOINT((0.,0.,0.));
#1030=IFCDIRECTION((0.,-1.,0.));
#1031=IFCDIRECTION((1.,0.,0.));
#1032=IFCAXIS2PLACEMENT3D(#1029,#1030,#1031);
#1033=IFCDIRECTION((0.,0.,-1.));
#1034=IFCEXTRUDEDAREASOLID(#1028,#1032,#1033,0.025000000000000001);
#1035=IFCCARTESIANPOINTLIST2D(((0.,0.),(4.9000000000000004,0.),(4.9000000000000004,0.10000000000000001),(0.,0.10000000000000001)));
#1036=IFCINDEXEDPOLYCURVE(#1035,(IFCLINEINDEX((1,2,3,4,1))),$);
#1037=IFCARBITRARYCLOSEDPROFILEDEF(.AREA.,$,#1036);
#1038=IFCCARTESIANPOINT((0.050000000000000003,0.,0.));
#1039=IFCDIRECTION((0.,0.,1.));
#1040=IFCDIRECTION((1.,0.,0.));
#1041=IFCAXIS2PLACEMENT3D(#1038,#1039,#1040);
#1042=IFCDIRECTION((0.,0.,1.));
#1043=IFCEXTRUDEDAREASOLID(#1037,#1041,#1042,0.025000000000000001);
#1044=IFCCARTESIANPOINTLIST2D(((0.,0.),(0.,6.0250000000000004),(5.0499999999999998,6.0250000000000004),(5.0499999999999998,0.),(4.9749999999999996,0.),(4.9749999999999996,5.9500000000000002),(0.074999999999999997,5.9500000000000002),(0.074999999999999997,0.)));
#1045=IFCINDEXEDPOLYCURVE(#1044,(IFCLINEINDEX((1,2,3,4,5,6,7,8,1))),$);
#1046=IFCARBITRARYCLOSEDPROFILEDEF(.AREA.,$,#1045);
#1047=IFCCARTESIANPOINT((-0.024999999999999994,-0.0050000000000000001,0.));
#1048=IFCDIRECTION((0.,-1.,0.));
#1049=IFCDIRECTION((1.,0.,0.));
#1050=IFCAXIS2PLACEMENT3D(#1047,#1048,#1049);
#1051=IFCDIRECTION((0.,0.,-1.));
#1052=IFCEXTRUDEDAREASOLID(#1046,#1050,#1051,0.0050000000000000001);
#1053=IFCCARTESIANPOINTLIST2D(((0.,0.),(0.,6.0250000000000004),(5.0499999999999998,6.0250000000000004),(5.0499999999999998,0.),(5.,0.),(5.,5.9750000000000005),(0.049999999999999996,5.9750000000000005),(0.049999999999999996,0.)));
#1054=IFCINDEXEDPOLYCURVE(#1053,(IFCLINEINDEX((1,2,3,4,5,6,7,8,1))),$);
#1055=IFCARBITRARYCLOSEDPROFILEDEF(.AREA.,$,#1054);
#1056=IFCCARTESIANPOINT((-0.024999999999999994,0.050000000000000003,0.));
#1057=IFCDIRECTION((0.,-1.,0.));
#1058=IFCDIRECTION((1.,0.,0.));
#1059=IFCAXIS2PLACEMENT3D(#1056,#1057,#1058);
#1060=IFCDIRECTION((0.,0.,-1.));
#1061=IFCEXTRUDEDAREASOLID(#1055,#1059,#1060,0.0050000000000000001);
#1062=IFCCARTESIANPOINTLIST2D(((0.,0.),(4.9500000000000002,0.),(4.9500000000000002,0.035000000000000003),(0.,0.035000000000000003)));
#1063=IFCINDEXEDPOLYCURVE(#1062,(IFCLINEINDEX((1,2,3,4,1))),$);
#1064=IFCARBITRARYCLOSEDPROFILEDEF(.AREA.,$,#1063);
#1065=IFCCARTESIANPOINT((0.025000000000000001,0.025000000000000001,0.025000000000000001));
#1066=IFCDIRECTION((0.,0.,1.));
#1067=IFCDIRECTION((1.,0.,0.));
#1068=IFCAXIS2PLACEMENT3D(#1065,#1066,#1067);
#1069=IFCDIRECTION((0.,0.,1.));
#1070=IFCEXTRUDEDAREASOLID(#1064,#1068,#1069,5.9499999999999993);
#1071=IFCCARTESIANPOINTLIST2D(((0.,0.),(0.,-0.040000000000000001),(-0.12000000000000011,-0.040000000000000001),(-0.12000000000000011,-0.02),(-0.020000000000000462,-0.02),(-0.020000000000000462,0.)));
#1072=IFCINDEXEDPOLYCURVE(#1071,(IFCLINEINDEX((1,2,3,4,5,6,1))),$);
#1073=IFCARBITRARYCLOSEDPROFILEDEF(.AREA.,$,#1072);
#1074=IFCCARTESIANPOINT((4.9249999999999998,0.025000000000000001,1.0149999999999999));
#1075=IFCDIRECTION((0.,0.,1.));
#1076=IFCDIRECTION((1.,0.,0.));
#1077=IFCAXIS2PLACEMENT3D(#1074,#1075,#1076);
#1078=IFCDIRECTION((0.,0.,1.));
#1079=IFCEXTRUDEDAREASOLID(#1073,#1077,#1078,0.02);
#1080=IFCEXTRUDEDAREASOLID(#1081,#1084,#1088,0.02);
#1081=IFCARBITRARYCLOSEDPROFILEDEF(.AREA.,$,#1082);
#1082=IFCINDEXEDPOLYCURVE(#1083,(IFCLINEINDEX((1,2,3,4,5,6,1))),$);
#1083=IFCCARTESIANPOINTLIST2D(((0.,0.),(0.,0.040000000000000001),(-0.12000000000000011,0.040000000000000001),(-0.12000000000000011,0.020000000000000011),(-0.020000000000000462,0.020000000000000011),(-0.020000000000000462,0.)));
#1084=IFCAXIS2PLACEMENT3D(#1085,#1086,#1087);
#1085=IFCCARTESIANPOINT((4.9249999999999998,0.060000000000000005,1.0149999999999999));
#1086=IFCDIRECTION((0.,0.,1.));
#1087=IFCDIRECTION((1.,0.,0.));
#1088=IFCDIRECTION((0.,0.,1.));
#1089=IFCSHAPEREPRESENTATION(#11,'Body','SweptSolid',(#1025,#1034,#1070,#1079,#1080,#1043,#1052,#1061));
#1090=IFCPRODUCTDEFINITIONSHAPE($,$,(#1089));
#1096=IFCCARTESIANPOINT((-2.5,-6.9550000000000001,0.20000000000000001));
#1097=IFCDIRECTION((0.,0.,1.));
#1098=IFCDIRECTION((1.,0.,0.));
#1099=IFCAXIS2PLACEMENT3D(#1096,#1097,#1098);
#1100=IFCLOCALPLACEMENT($,#1099);
#1101=IFCRELVOIDSELEMENT('35qo3fBqnAuBy_uF3XZR2b',$,$,$,#325,#1004);
#1102=IFCCARTESIANPOINT((2.1699999999999999,0.,0.));
#1103=IFCDIRECTION((0.,0.,1.));
#1104=IFCDIRECTION((1.,0.,0.));
#1105=IFCAXIS2PLACEMENT3D(#1102,#1103,#1104);
#1106=IFCLOCALPLACEMENT(#850,#1105);
#1107=IFCRELFILLSELEMENT('3dJfWa_h56cQL8rwPXL6qv',$,$,$,#1004,#1016);
#1108=IFCOPENINGELEMENT('2aQO6fWo1E2P_LQewPUCei',$,'Vao - P03 - Portas de Giro',$,$,#1210,#1119,$,$);
#1109=IFCCARTESIANPOINTLIST2D(((0.,0.),(0.,0.34000000000000002),(1.25,0.34000000000000002),(1.25,0.),(0.,0.)));
#1110=IFCINDEXEDPOLYCURVE(#1109,$,.F.);
#1111=IFCDIRECTION((0.,0.,1.));
#1112=IFCARBITRARYCLOSEDPROFILEDEF(.AREA.,$,#1110);
#1113=IFCCARTESIANPOINT((0.,0.,0.));
#1114=IFCDIRECTION((0.,0.,1.));
#1115=IFCDIRECTION((1.,0.,0.));
#1116=IFCAXIS2PLACEMENT3D(#1113,#1114,#1115);
#1117=IFCEXTRUDEDAREASOLID(#1112,#1116,#1111,2.1000000000000001);
#1118=IFCSHAPEREPRESENTATION(#11,'Body','SweptSolid',(#1117));
#1119=IFCPRODUCTDEFINITIONSHAPE($,$,(#1118));
#1120=IFCDOOR('1G38OfmbD4E96g$bBc14jf',$,'P03 - Portas de Giro',$,$,#1204,#1194,$,$,$,.DOOR.,$,$);
#1121=IFCCARTESIANPOINTLIST2D(((0.,0.),(0.,2.1000000000000001),(1.2,2.1000000000000001),(1.2,0.),(1.175,0.),(1.175,2.0750000000000002),(0.025000000000000001,2.0750000000000002),(0.025000000000000001,0.)));
#1122=IFCINDEXEDPOLYCURVE(#1121,(IFCLINEINDEX((1,2,3,4,5,6,7,8,1))),$);
#1123=IFCARBITRARYCLOSEDPROFILEDEF(.AREA.,$,#1122);
#1124=IFCCARTESIANPOINT((0.,0.025000000000000001,0.));
#1125=IFCDIRECTION((0.,-1.,0.));
#1126=IFCDIRECTION((1.,0.,0.));
#1127=IFCAXIS2PLACEMENT3D(#1124,#1125,#1126);
#1128=IFCDIRECTION((0.,0.,-1.));
#1129=IFCEXTRUDEDAREASOLID(#1123,#1127,#1128,0.025000000000000001);
#1130=IFCCARTESIANPOINTLIST2D(((0.,0.),(0.,2.1000000000000001),(1.2,2.1000000000000001),(1.2,0.),(1.1499999999999999,0.),(1.1499999999999999,2.0500000000000003),(0.050000000000000003,2.0500000000000003),(0.050000000000000003,0.)));
#1131=IFCINDEXEDPOLYCURVE(#1130,(IFCLINEINDEX((1,2,3,4,5,6,7,8,1))),$);
#1132=IFCARBITRARYCLOSEDPROFILEDEF(.AREA.,$,#1131);
#1133=IFCCARTESIANPOINT((0.,0.,0.));
#1134=IFCDIRECTION((0.,-1.,0.));
#1135=IFCDIRECTION((1.,0.,0.));
#1136=IFCAXIS2PLACEMENT3D(#1133,#1134,#1135);
#1137=IFCDIRECTION((0.,0.,-1.));
#1138=IFCEXTRUDEDAREASOLID(#1132,#1136,#1137,0.025000000000000001);
#1139=IFCCARTESIANPOINTLIST2D(((0.,0.),(1.0999999999999999,0.),(1.0999999999999999,0.10000000000000001),(0.,0.10000000000000001)));
#1140=IFCINDEXEDPOLYCURVE(#1139,(IFCLINEINDEX((1,2,3,4,1))),$);
#1141=IFCARBITRARYCLOSEDPROFILEDEF(.AREA.,$,#1140);
#1142=IFCCARTESIANPOINT((0.050000000000000003,0.,0.));
#1143=IFCDIRECTION((0.,0.,1.));
#1144=IFCDIRECTION((1.,0.,0.));
#1145=IFCAXIS2PLACEMENT3D(#1142,#1143,#1144);
#1146=IFCDIRECTION((0.,0.,1.));
#1147=IFCEXTRUDEDAREASOLID(#1141,#1145,#1146,0.025000000000000001);
#1148=IFCCARTESIANPOINTLIST2D(((0.,0.),(0.,2.125),(1.25,2.125),(1.25,0.),(1.175,0.),(1.175,2.0499999999999998),(0.074999999999999997,2.0499999999999998),(0.074999999999999997,0.)));
#1149=IFCINDEXEDPOLYCURVE(#1148,(IFCLINEINDEX((1,2,3,4,5,6,7,8,1))),$);
#1150=IFCARBITRARYCLOSEDPROFILEDEF(.AREA.,$,#1149);
#1151=IFCCARTESIANPOINT((-0.024999999999999994,-0.0050000000000000001,0.));
#1152=IFCDIRECTION((0.,-1.,0.));
#1153=IFCDIRECTION((1.,0.,0.));
#1154=IFCAXIS2PLACEMENT3D(#1151,#1152,#1153);
#1155=IFCDIRECTION((0.,0.,-1.));
#1156=IFCEXTRUDEDAREASOLID(#1150,#1154,#1155,0.0050000000000000001);
#1157=IFCCARTESIANPOINTLIST2D(((0.,0.),(0.,2.125),(1.25,2.125),(1.25,0.),(1.2,0.),(1.2,2.0750000000000002),(0.049999999999999996,2.0750000000000002),(0.049999999999999996,0.)));
#1158=IFCINDEXEDPOLYCURVE(#1157,(IFCLINEINDEX((1,2,3,4,5,6,7,8,1))),$);
#1159=IFCARBITRARYCLOSEDPROFILEDEF(.AREA.,$,#1158);
#1160=IFCCARTESIANPOINT((-0.024999999999999994,0.050000000000000003,0.));
#1161=IFCDIRECTION((0.,-1.,0.));
#1162=IFCDIRECTION((1.,0.,0.));
#1163=IFCAXIS2PLACEMENT3D(#1160,#1161,#1162);
#1164=IFCDIRECTION((0.,0.,-1.));
#1165=IFCEXTRUDEDAREASOLID(#1159,#1163,#1164,0.0050000000000000001);
#1166=IFCCARTESIANPOINTLIST2D(((0.,0.),(1.1499999999999999,0.),(1.1499999999999999,0.035000000000000003),(0.,0.035000000000000003)));
#1167=IFCINDEXEDPOLYCURVE(#1166,(IFCLINEINDEX((1,2,3,4,1))),$);
#1168=IFCARBITRARYCLOSEDPROFILEDEF(.AREA.,$,#1167);
#1169=IFCCARTESIANPOINT((0.025000000000000001,0.025000000000000001,0.025000000000000001));
#1170=IFCDIRECTION((0.,0.,1.));
#1171=IFCDIRECTION((1.,0.,0.));
#1172=IFCAXIS2PLACEMENT3D(#1169,#1170,#1171);
#1173=IFCDIRECTION((0.,0.,1.));
#1174=IFCEXTRUDEDAREASOLID(#1168,#1172,#1173,2.0500000000000003);
#1175=IFCCARTESIANPOINTLIST2D(((0.,0.),(0.,-0.040000000000000001),(-0.12000000000000011,-0.040000000000000001),(-0.12000000000000011,-0.02),(-0.020000000000000018,-0.02),(-0.020000000000000018,0.)));
#1176=IFCINDEXEDPOLYCURVE(#1175,(IFCLINEINDEX((1,2,3,4,5,6,1))),$);
#1177=IFCARBITRARYCLOSEDPROFILEDEF(.AREA.,$,#1176);
#1178=IFCCARTESIANPOINT((1.125,0.025000000000000001,1.0149999999999999));
#1179=IFCDIRECTION((0.,0.,1.));
#1180=IFCDIRECTION((1.,0.,0.));
#1181=IFCAXIS2PLACEMENT3D(#1178,#1179,#1180);
#1182=IFCDIRECTION((0.,0.,1.));
#1183=IFCEXTRUDEDAREASOLID(#1177,#1181,#1182,0.02);
#1184=IFCEXTRUDEDAREASOLID(#1185,#1188,#1192,0.02);
#1185=IFCARBITRARYCLOSEDPROFILEDEF(.AREA.,$,#1186);
#1186=IFCINDEXEDPOLYCURVE(#1187,(IFCLINEINDEX((1,2,3,4,5,6,1))),$);
#1187=IFCCARTESIANPOINTLIST2D(((0.,0.),(0.,0.040000000000000001),(-0.12000000000000011,0.040000000000000001),(-0.12000000000000011,0.020000000000000011),(-0.020000000000000018,0.020000000000000011),(-0.020000000000000018,0.)));
#1188=IFCAXIS2PLACEMENT3D(#1189,#1190,#1191);
#1189=IFCCARTESIANPOINT((1.125,0.060000000000000005,1.0149999999999999));
#1190=IFCDIRECTION((0.,0.,1.));
#1191=IFCDIRECTION((1.,0.,0.));
#1192=IFCDIRECTION((0.,0.,1.));
#1193=IFCSHAPEREPRESENTATION(#11,'Body','SweptSolid',(#1129,#1138,#1174,#1183,#1184,#1147,#1156,#1165));
#1194=IFCPRODUCTDEFINITIONSHAPE($,$,(#1193));
#1200=IFCCARTESIANPOINT((-4.5999999999999996,-5.2850000000000001,0.20000000000000001));
#1201=IFCDIRECTION((0.,0.,1.));
#1202=IFCDIRECTION((0.,1.,0.));
#1203=IFCAXIS2PLACEMENT3D(#1200,#1201,#1202);
#1204=IFCLOCALPLACEMENT($,#1203);
#1205=IFCRELVOIDSELEMENT('1THdEQbIvAoBgiAnOfCUdw',$,$,$,#341,#1108);
#1206=IFCCARTESIANPOINT((1.6000000000000001,0.,0.));
#1207=IFCDIRECTION((0.,0.,1.));
#1208=IFCDIRECTION((1.,0.,0.));
#1209=IFCAXIS2PLACEMENT3D(#1206,#1207,#1208);
#1210=IFCLOCALPLACEMENT(#866,#1209);
#1211=IFCRELFILLSELEMENT('32NWX16pz6vfW2S4BKrojG',$,$,$,#1108,#1120);
#1212=IFCOPENINGELEMENT('293_$YB7b5wgbRksJ76S4o',$,'Vao - P04 - Porta Isoblock',$,$,#1314,#1223,$,$);
#1213=IFCCARTESIANPOINTLIST2D(((0.,0.),(0.,0.34000000000000002),(1.05,0.34000000000000002),(1.05,0.),(0.,0.)));
#1214=IFCINDEXEDPOLYCURVE(#1213,$,.F.);
#1215=IFCDIRECTION((0.,0.,1.));
#1216=IFCARBITRARYCLOSEDPROFILEDEF(.AREA.,$,#1214);
#1217=IFCCARTESIANPOINT((0.,0.,0.));
#1218=IFCDIRECTION((0.,0.,1.));
#1219=IFCDIRECTION((1.,0.,0.));
#1220=IFCAXIS2PLACEMENT3D(#1217,#1218,#1219);
#1221=IFCEXTRUDEDAREASOLID(#1216,#1220,#1215,2.1000000000000001);
#1222=IFCSHAPEREPRESENTATION(#11,'Body','SweptSolid',(#1221));
#1223=IFCPRODUCTDEFINITIONSHAPE($,$,(#1222));
#1224=IFCDOOR('1rZodv91PBJAAJJwEUd01j',$,'P04 - Porta Isoblock',$,$,#1308,#1298,$,$,$,.DOOR.,$,$);
#1225=IFCCARTESIANPOINTLIST2D(((0.,0.),(0.,2.1000000000000001),(1.,2.1000000000000001),(1.,0.),(0.97499999999999998,0.),(0.97499999999999998,2.0750000000000002),(0.025000000000000001,2.0750000000000002),(0.025000000000000001,0.)));
#1226=IFCINDEXEDPOLYCURVE(#1225,(IFCLINEINDEX((1,2,3,4,5,6,7,8,1))),$);
#1227=IFCARBITRARYCLOSEDPROFILEDEF(.AREA.,$,#1226);
#1228=IFCCARTESIANPOINT((0.,0.025000000000000001,0.));
#1229=IFCDIRECTION((0.,-1.,0.));
#1230=IFCDIRECTION((1.,0.,0.));
#1231=IFCAXIS2PLACEMENT3D(#1228,#1229,#1230);
#1232=IFCDIRECTION((0.,0.,-1.));
#1233=IFCEXTRUDEDAREASOLID(#1227,#1231,#1232,0.025000000000000001);
#1234=IFCCARTESIANPOINTLIST2D(((0.,0.),(0.,2.1000000000000001),(1.,2.1000000000000001),(1.,0.),(0.94999999999999996,0.),(0.94999999999999996,2.0500000000000003),(0.050000000000000003,2.0500000000000003),(0.050000000000000003,0.)));
#1235=IFCINDEXEDPOLYCURVE(#1234,(IFCLINEINDEX((1,2,3,4,5,6,7,8,1))),$);
#1236=IFCARBITRARYCLOSEDPROFILEDEF(.AREA.,$,#1235);
#1237=IFCCARTESIANPOINT((0.,0.,0.));
#1238=IFCDIRECTION((0.,-1.,0.));
#1239=IFCDIRECTION((1.,0.,0.));
#1240=IFCAXIS2PLACEMENT3D(#1237,#1238,#1239);
#1241=IFCDIRECTION((0.,0.,-1.));
#1242=IFCEXTRUDEDAREASOLID(#1236,#1240,#1241,0.025000000000000001);
#1243=IFCCARTESIANPOINTLIST2D(((0.,0.),(0.90000000000000002,0.),(0.90000000000000002,0.10000000000000001),(0.,0.10000000000000001)));
#1244=IFCINDEXEDPOLYCURVE(#1243,(IFCLINEINDEX((1,2,3,4,1))),$);
#1245=IFCARBITRARYCLOSEDPROFILEDEF(.AREA.,$,#1244);
#1246=IFCCARTESIANPOINT((0.050000000000000003,0.,0.));
#1247=IFCDIRECTION((0.,0.,1.));
#1248=IFCDIRECTION((1.,0.,0.));
#1249=IFCAXIS2PLACEMENT3D(#1246,#1247,#1248);
#1250=IFCDIRECTION((0.,0.,1.));
#1251=IFCEXTRUDEDAREASOLID(#1245,#1249,#1250,0.025000000000000001);
#1252=IFCCARTESIANPOINTLIST2D(((0.,0.),(0.,2.125),(1.05,2.125),(1.05,0.),(0.97500000000000009,0.),(0.97500000000000009,2.0499999999999998),(0.074999999999999997,2.0499999999999998),(0.074999999999999997,0.)));
#1253=IFCINDEXEDPOLYCURVE(#1252,(IFCLINEINDEX((1,2,3,4,5,6,7,8,1))),$);
#1254=IFCARBITRARYCLOSEDPROFILEDEF(.AREA.,$,#1253);
#1255=IFCCARTESIANPOINT((-0.024999999999999994,-0.0050000000000000001,0.));
#1256=IFCDIRECTION((0.,-1.,0.));
#1257=IFCDIRECTION((1.,0.,0.));
#1258=IFCAXIS2PLACEMENT3D(#1255,#1256,#1257);
#1259=IFCDIRECTION((0.,0.,-1.));
#1260=IFCEXTRUDEDAREASOLID(#1254,#1258,#1259,0.0050000000000000001);
#1261=IFCCARTESIANPOINTLIST2D(((0.,0.),(0.,2.125),(1.05,2.125),(1.05,0.),(1.,0.),(1.,2.0750000000000002),(0.049999999999999996,2.0750000000000002),(0.049999999999999996,0.)));
#1262=IFCINDEXEDPOLYCURVE(#1261,(IFCLINEINDEX((1,2,3,4,5,6,7,8,1))),$);
#1263=IFCARBITRARYCLOSEDPROFILEDEF(.AREA.,$,#1262);
#1264=IFCCARTESIANPOINT((-0.024999999999999994,0.050000000000000003,0.));
#1265=IFCDIRECTION((0.,-1.,0.));
#1266=IFCDIRECTION((1.,0.,0.));
#1267=IFCAXIS2PLACEMENT3D(#1264,#1265,#1266);
#1268=IFCDIRECTION((0.,0.,-1.));
#1269=IFCEXTRUDEDAREASOLID(#1263,#1267,#1268,0.0050000000000000001);
#1270=IFCCARTESIANPOINTLIST2D(((0.,0.),(0.94999999999999996,0.),(0.94999999999999996,0.035000000000000003),(0.,0.035000000000000003)));
#1271=IFCINDEXEDPOLYCURVE(#1270,(IFCLINEINDEX((1,2,3,4,1))),$);
#1272=IFCARBITRARYCLOSEDPROFILEDEF(.AREA.,$,#1271);
#1273=IFCCARTESIANPOINT((0.025000000000000001,0.025000000000000001,0.025000000000000001));
#1274=IFCDIRECTION((0.,0.,1.));
#1275=IFCDIRECTION((1.,0.,0.));
#1276=IFCAXIS2PLACEMENT3D(#1273,#1274,#1275);
#1277=IFCDIRECTION((0.,0.,1.));
#1278=IFCEXTRUDEDAREASOLID(#1272,#1276,#1277,2.0500000000000003);
#1279=IFCCARTESIANPOINTLIST2D(((0.,0.),(0.,-0.040000000000000001),(-0.12000000000000011,-0.040000000000000001),(-0.12000000000000011,-0.02),(-0.020000000000000018,-0.02),(-0.020000000000000018,0.)));
#1280=IFCINDEXEDPOLYCURVE(#1279,(IFCLINEINDEX((1,2,3,4,5,6,1))),$);
#1281=IFCARBITRARYCLOSEDPROFILEDEF(.AREA.,$,#1280);
#1282=IFCCARTESIANPOINT((0.92500000000000004,0.025000000000000001,1.0149999999999999));
#1283=IFCDIRECTION((0.,0.,1.));
#1284=IFCDIRECTION((1.,0.,0.));
#1285=IFCAXIS2PLACEMENT3D(#1282,#1283,#1284);
#1286=IFCDIRECTION((0.,0.,1.));
#1287=IFCEXTRUDEDAREASOLID(#1281,#1285,#1286,0.02);
#1288=IFCEXTRUDEDAREASOLID(#1289,#1292,#1296,0.02);
#1289=IFCARBITRARYCLOSEDPROFILEDEF(.AREA.,$,#1290);
#1290=IFCINDEXEDPOLYCURVE(#1291,(IFCLINEINDEX((1,2,3,4,5,6,1))),$);
#1291=IFCCARTESIANPOINTLIST2D(((0.,0.),(0.,0.040000000000000001),(-0.12000000000000011,0.040000000000000001),(-0.12000000000000011,0.020000000000000011),(-0.020000000000000018,0.020000000000000011),(-0.020000000000000018,0.)));
#1292=IFCAXIS2PLACEMENT3D(#1293,#1294,#1295);
#1293=IFCCARTESIANPOINT((0.92500000000000004,0.060000000000000005,1.0149999999999999));
#1294=IFCDIRECTION((0.,0.,1.));
#1295=IFCDIRECTION((1.,0.,0.));
#1296=IFCDIRECTION((0.,0.,1.));
#1297=IFCSHAPEREPRESENTATION(#11,'Body','SweptSolid',(#1233,#1242,#1278,#1287,#1288,#1251,#1260,#1269));
#1298=IFCPRODUCTDEFINITIONSHAPE($,$,(#1297));
#1304=IFCCARTESIANPOINT((4.7400000000000002,5.835,0.20000000000000001));
#1305=IFCDIRECTION((0.,0.,1.));
#1306=IFCDIRECTION((0.,1.,0.));
#1307=IFCAXIS2PLACEMENT3D(#1304,#1305,#1306);
#1308=IFCLOCALPLACEMENT($,#1307);
#1309=IFCRELVOIDSELEMENT('1tFKnPhhjDoxsAVZRYzUJJ',$,$,$,#357,#1212);
#1310=IFCCARTESIANPOINT((12.720000000000001,0.,0.));
#1311=IFCDIRECTION((0.,0.,1.));
#1312=IFCDIRECTION((1.,0.,0.));
#1313=IFCAXIS2PLACEMENT3D(#1310,#1311,#1312);
#1314=IFCLOCALPLACEMENT(#882,#1313);
#1315=IFCRELFILLSELEMENT('2vIUWsuvL2yx0bXBBfnTs6',$,$,$,#1212,#1224);
#1316=IFCMEMBER('0AED1X1xL2LxJos0DipFFb',$,'Contraventamento circular entre B2 (A3) e B2 (A2)',$,$,#1330,#1325,$,.BRACE.);
#1317=IFCCIRCLEPROFILEDEF(.AREA.,'Barra circular diametro 50 mm',$,0.025000000000000001);
#1318=IFCCARTESIANPOINT((0.,0.,0.));
#1319=IFCDIRECTION((0.,0.,1.));
#1320=IFCDIRECTION((1.,0.,0.));
#1321=IFCAXIS2PLACEMENT3D(#1318,#1319,#1320);
#1322=IFCDIRECTION((0.,0.,1.));
#1323=IFCEXTRUDEDAREASOLID(#1317,#1321,#1322,8.3216584885466194);
#1324=IFCSHAPEREPRESENTATION(#11,'Body','SweptSolid',(#1323));
#1325=IFCPRODUCTDEFINITIONSHAPE($,$,(#1324));
#1326=IFCCARTESIANPOINT((-4.6699999999999999,-2.2149999999999999,0.20000000000000001));
#1327=IFCDIRECTION((0.,0.54075759131349865,0.84117847537655355));
#1328=IFCDIRECTION((1.,0.,0.));
#1329=IFCAXIS2PLACEMENT3D(#1326,#1327,#1328);
#1330=IFCLOCALPLACEMENT($,#1329);
#2323=IFCCARTESIANPOINT((-7.2210836785522901,-9.136083678552291,0.));
#2324=IFCCARTESIANPOINT((-7.2210836785522901,9.136083678552291,0.));
#2325=IFCPOLYLINE((#2323,#2324));
#2326=IFCGRIDAXIS('A',#2325,.T.);
#2327=IFCCARTESIANPOINT((-7.2210836785522901,-9.136083678552291,0.));
#2328=IFCDIRECTION((0.,1.,0.));
#2329=IFCDIRECTION((0.,0.,1.));
#2330=IFCAXIS2PLACEMENT3D(#2327,#2328,#2329);
#2331=IFCRECTANGLEPROFILEDEF(.AREA.,$,$,0.029999999999999999,0.029999999999999999);
#2332=IFCDIRECTION((0.,0.,1.));
#2333=IFCEXTRUDEDAREASOLID(#2331,#2330,#2332,18.272167357104582);
#2334=IFCCARTESIANPOINT((0.,0.,0.));
#2335=IFCAXIS2PLACEMENT3D(#2334,$,$);
#2336=IFCTEXTLITERAL('A',#2335,.RIGHT.);
#2337=IFCSHAPEREPRESENTATION(#11,'Annotation','Annotation2D',(#2336));
#2338=IFCPRODUCTDEFINITIONSHAPE($,$,(#2337));
#2339=IFCANNOTATION('1WlvhO2rL9tuKb7Fuq1oXo',$,'InfoBIM Reference Grid - XY Label A',$,'GRID_REFERENCE_LABEL',#2344,#2338);
#2340=IFCCARTESIANPOINT((-7.2210836785522901,-9.136083678552291,0.));
#2341=IFCDIRECTION((0.,0.,1.));
#2342=IFCDIRECTION((1.,0.,0.));
#2343=IFCAXIS2PLACEMENT3D(#2340,#2341,#2342);
#2344=IFCLOCALPLACEMENT($,#2343);
#2345=IFCCARTESIANPOINT((-5.2999999999999989,-9.136083678552291,0.));
#2346=IFCCARTESIANPOINT((-5.2999999999999989,9.136083678552291,0.));
#2347=IFCPOLYLINE((#2345,#2346));
#2348=IFCGRIDAXIS('B',#2347,.T.);
#2349=IFCCARTESIANPOINT((-5.2999999999999989,-9.136083678552291,0.));
#2350=IFCDIRECTION((0.,1.,0.));
#2351=IFCDIRECTION((0.,0.,1.));
#2352=IFCAXIS2PLACEMENT3D(#2349,#2350,#2351);
#2353=IFCRECTANGLEPROFILEDEF(.AREA.,$,$,0.029999999999999999,0.029999999999999999);
#2354=IFCDIRECTION((0.,0.,1.));
#2355=IFCEXTRUDEDAREASOLID(#2353,#2352,#2354,18.272167357104582);
#2356=IFCCARTESIANPOINT((0.,0.,0.));
#2357=IFCAXIS2PLACEMENT3D(#2356,$,$);
#2358=IFCTEXTLITERAL('B',#2357,.RIGHT.);
#2359=IFCSHAPEREPRESENTATION(#11,'Annotation','Annotation2D',(#2358));
#2360=IFCPRODUCTDEFINITIONSHAPE($,$,(#2359));
#2361=IFCANNOTATION('1X_pd1rrH8tgSf7RoHlZ3D',$,'InfoBIM Reference Grid - XY Label B',$,'GRID_REFERENCE_LABEL',#2366,#2360);
#2362=IFCCARTESIANPOINT((-5.2999999999999989,-9.136083678552291,0.));
#2363=IFCDIRECTION((0.,0.,1.));
#2364=IFCDIRECTION((1.,0.,0.));
#2365=IFCAXIS2PLACEMENT3D(#2362,#2363,#2364);
#2366=IFCLOCALPLACEMENT($,#2365);
#2367=IFCCARTESIANPOINT((-3.3789163214477087,-9.136083678552291,0.));
#2368=IFCCARTESIANPOINT((-3.3789163214477087,9.136083678552291,0.));
#2369=IFCPOLYLINE((#2367,#2368));
#2370=IFCGRIDAXIS('C',#2369,.T.);
#2371=IFCCARTESIANPOINT((-3.3789163214477087,-9.136083678552291,0.));
#2372=IFCDIRECTION((0.,1.,0.));
#2373=IFCDIRECTION((0.,0.,1.));
#2374=IFCAXIS2PLACEMENT3D(#2371,#2372,#2373);
#2375=IFCRECTANGLEPROFILEDEF(.AREA.,$,$,0.029999999999999999,0.029999999999999999);
#2376=IFCDIRECTION((0.,0.,1.));
#2377=IFCEXTRUDEDAREASOLID(#2375,#2374,#2376,18.272167357104582);
#2378=IFCCARTESIANPOINT((0.,0.,0.));
#2379=IFCAXIS2PLACEMENT3D(#2378,$,$);
#2380=IFCTEXTLITERAL('C',#2379,.RIGHT.);
#2381=IFCSHAPEREPRESENTATION(#11,'Annotation','Annotation2D',(#2380));
#2382=IFCPRODUCTDEFINITIONSHAPE($,$,(#2381));
#2383=IFCANNOTATION('3JnP_Iy_v3$9311ApqSgmy',$,'InfoBIM Reference Grid - XY Label C',$,'GRID_REFERENCE_LABEL',#2388,#2382);
#2384=IFCCARTESIANPOINT((-3.3789163214477087,-9.136083678552291,0.));
#2385=IFCDIRECTION((0.,0.,1.));
#2386=IFCDIRECTION((1.,0.,0.));
#2387=IFCAXIS2PLACEMENT3D(#2384,#2385,#2386);
#2388=IFCLOCALPLACEMENT($,#2387);
#2389=IFCCARTESIANPOINT((-1.4578326428954185,-9.136083678552291,0.));
#2390=IFCCARTESIANPOINT((-1.4578326428954185,9.136083678552291,0.));
#2391=IFCPOLYLINE((#2389,#2390));
#2392=IFCGRIDAXIS('D',#2391,.T.);
#2393=IFCCARTESIANPOINT((-1.4578326428954185,-9.136083678552291,0.));
#2394=IFCDIRECTION((0.,1.,0.));
#2395=IFCDIRECTION((0.,0.,1.));
#2396=IFCAXIS2PLACEMENT3D(#2393,#2394,#2395);
#2397=IFCRECTANGLEPROFILEDEF(.AREA.,$,$,0.029999999999999999,0.029999999999999999);
#2398=IFCDIRECTION((0.,0.,1.));
#2399=IFCEXTRUDEDAREASOLID(#2397,#2396,#2398,18.272167357104582);
#2400=IFCCARTESIANPOINT((0.,0.,0.));
#2401=IFCAXIS2PLACEMENT3D(#2400,$,$);
#2402=IFCTEXTLITERAL('D',#2401,.RIGHT.);
#2403=IFCSHAPEREPRESENTATION(#11,'Annotation','Annotation2D',(#2402));
#2404=IFCPRODUCTDEFINITIONSHAPE($,$,(#2403));
#2405=IFCANNOTATION('3zxrMo7qT63xBxqRv1RRmC',$,'InfoBIM Reference Grid - XY Label D',$,'GRID_REFERENCE_LABEL',#2410,#2404);
#2406=IFCCARTESIANPOINT((-1.4578326428954185,-9.136083678552291,0.));
#2407=IFCDIRECTION((0.,0.,1.));
#2408=IFCDIRECTION((1.,0.,0.));
#2409=IFCAXIS2PLACEMENT3D(#2406,#2407,#2408);
#2410=IFCLOCALPLACEMENT($,#2409);
#2411=IFCCARTESIANPOINT((0.46325103565687265,-9.136083678552291,0.));
#2412=IFCCARTESIANPOINT((0.46325103565687265,9.136083678552291,0.));
#2413=IFCPOLYLINE((#2411,#2412));
#2414=IFCGRIDAXIS('E',#2413,.T.);
#2415=IFCCARTESIANPOINT((0.46325103565687265,-9.136083678552291,0.));
#2416=IFCDIRECTION((0.,1.,0.));
#2417=IFCDIRECTION((0.,0.,1.));
#2418=IFCAXIS2PLACEMENT3D(#2415,#2416,#2417);
#2419=IFCRECTANGLEPROFILEDEF(.AREA.,$,$,0.029999999999999999,0.029999999999999999);
#2420=IFCDIRECTION((0.,0.,1.));
#2421=IFCEXTRUDEDAREASOLID(#2419,#2418,#2420,18.272167357104582);
#2422=IFCCARTESIANPOINT((0.,0.,0.));
#2423=IFCAXIS2PLACEMENT3D(#2422,$,$);
#2424=IFCTEXTLITERAL('E',#2423,.RIGHT.);
#2425=IFCSHAPEREPRESENTATION(#11,'Annotation','Annotation2D',(#2424));
#2426=IFCPRODUCTDEFINITIONSHAPE($,$,(#2425));
#2427=IFCANNOTATION('2_$LKcEaL2oBRE7iLW6g44',$,'InfoBIM Reference Grid - XY Label E',$,'GRID_REFERENCE_LABEL',#2432,#2426);
#2428=IFCCARTESIANPOINT((0.46325103565687265,-9.136083678552291,0.));
#2429=IFCDIRECTION((0.,0.,1.));
#2430=IFCDIRECTION((1.,0.,0.));
#2431=IFCAXIS2PLACEMENT3D(#2428,#2429,#2430);
#2432=IFCLOCALPLACEMENT($,#2431);
#2433=IFCCARTESIANPOINT((2.3843347142091638,-9.136083678552291,0.));
#2434=IFCCARTESIANPOINT((2.3843347142091638,9.136083678552291,0.));
#2435=IFCPOLYLINE((#2433,#2434));
#2436=IFCGRIDAXIS('F',#2435,.T.);
#2437=IFCCARTESIANPOINT((2.3843347142091638,-9.136083678552291,0.));
#2438=IFCDIRECTION((0.,1.,0.));
#2439=IFCDIRECTION((0.,0.,1.));
#2440=IFCAXIS2PLACEMENT3D(#2437,#2438,#2439);
#2441=IFCRECTANGLEPROFILEDEF(.AREA.,$,$,0.029999999999999999,0.029999999999999999);
#2442=IFCDIRECTION((0.,0.,1.));
#2443=IFCEXTRUDEDAREASOLID(#2441,#2440,#2442,18.272167357104582);
#2444=IFCCARTESIANPOINT((0.,0.,0.));
#2445=IFCAXIS2PLACEMENT3D(#2444,$,$);
#2446=IFCTEXTLITERAL('F',#2445,.RIGHT.);
#2447=IFCSHAPEREPRESENTATION(#11,'Annotation','Annotation2D',(#2446));
#2448=IFCPRODUCTDEFINITIONSHAPE($,$,(#2447));
#2449=IFCANNOTATION('096ZgTPMX4X9qZFhiNwNV5',$,'InfoBIM Reference Grid - XY Label F',$,'GRID_REFERENCE_LABEL',#2454,#2448);
#2450=IFCCARTESIANPOINT((2.3843347142091638,-9.136083678552291,0.));
#2451=IFCDIRECTION((0.,0.,1.));
#2452=IFCDIRECTION((1.,0.,0.));
#2453=IFCAXIS2PLACEMENT3D(#2450,#2451,#2452);
#2454=IFCLOCALPLACEMENT($,#2453);
#2455=IFCCARTESIANPOINT((4.3054183927614531,-9.136083678552291,0.));
#2456=IFCCARTESIANPOINT((4.3054183927614531,9.136083678552291,0.));
#2457=IFCPOLYLINE((#2455,#2456));
#2458=IFCGRIDAXIS('G',#2457,.T.);
#2459=IFCCARTESIANPOINT((4.3054183927614531,-9.136083678552291,0.));
#2460=IFCDIRECTION((0.,1.,0.));
#2461=IFCDIRECTION((0.,0.,1.));
#2462=IFCAXIS2PLACEMENT3D(#2459,#2460,#2461);
#2463=IFCRECTANGLEPROFILEDEF(.AREA.,$,$,0.029999999999999999,0.029999999999999999);
#2464=IFCDIRECTION((0.,0.,1.));
#2465=IFCEXTRUDEDAREASOLID(#2463,#2462,#2464,18.272167357104582);
#2466=IFCCARTESIANPOINT((0.,0.,0.));
#2467=IFCAXIS2PLACEMENT3D(#2466,$,$);
#2468=IFCTEXTLITERAL('G',#2467,.RIGHT.);
#2469=IFCSHAPEREPRESENTATION(#11,'Annotation','Annotation2D',(#2468));
#2470=IFCPRODUCTDEFINITIONSHAPE($,$,(#2469));
#2471=IFCANNOTATION('32PqOkpqv3B9GeVAREIwOf',$,'InfoBIM Reference Grid - XY Label G',$,'GRID_REFERENCE_LABEL',#2476,#2470);
#2472=IFCCARTESIANPOINT((4.3054183927614531,-9.136083678552291,0.));
#2473=IFCDIRECTION((0.,0.,1.));
#2474=IFCDIRECTION((1.,0.,0.));
#2475=IFCAXIS2PLACEMENT3D(#2472,#2473,#2474);
#2476=IFCLOCALPLACEMENT($,#2475);
#2477=IFCCARTESIANPOINT((6.2265020713137442,-9.136083678552291,0.));
#2478=IFCCARTESIANPOINT((6.2265020713137442,9.136083678552291,0.));
#2479=IFCPOLYLINE((#2477,#2478));
#2480=IFCGRIDAXIS('H',#2479,.T.);
#2481=IFCCARTESIANPOINT((6.2265020713137442,-9.136083678552291,0.));
#2482=IFCDIRECTION((0.,1.,0.));
#2483=IFCDIRECTION((0.,0.,1.));
#2484=IFCAXIS2PLACEMENT3D(#2481,#2482,#2483);
#2485=IFCRECTANGLEPROFILEDEF(.AREA.,$,$,0.029999999999999999,0.029999999999999999);
#2486=IFCDIRECTION((0.,0.,1.));
#2487=IFCEXTRUDEDAREASOLID(#2485,#2484,#2486,18.272167357104582);
#2488=IFCCARTESIANPOINT((0.,0.,0.));
#2489=IFCAXIS2PLACEMENT3D(#2488,$,$);
#2490=IFCTEXTLITERAL('H',#2489,.RIGHT.);
#2491=IFCSHAPEREPRESENTATION(#11,'Annotation','Annotation2D',(#2490));
#2492=IFCPRODUCTDEFINITIONSHAPE($,$,(#2491));
#2493=IFCANNOTATION('3x_bhjt8fAHAaIIFxtM0Up',$,'InfoBIM Reference Grid - XY Label H',$,'GRID_REFERENCE_LABEL',#2498,#2492);
#2494=IFCCARTESIANPOINT((6.2265020713137442,-9.136083678552291,0.));
#2495=IFCDIRECTION((0.,0.,1.));
#2496=IFCDIRECTION((1.,0.,0.));
#2497=IFCAXIS2PLACEMENT3D(#2494,#2495,#2496);
#2498=IFCLOCALPLACEMENT($,#2497);
#2499=IFCCARTESIANPOINT((8.1475857498660353,-9.136083678552291,0.));
#2500=IFCCARTESIANPOINT((8.1475857498660353,9.136083678552291,0.));
#2501=IFCPOLYLINE((#2499,#2500));
#2502=IFCGRIDAXIS('I',#2501,.T.);
#2503=IFCCARTESIANPOINT((8.1475857498660353,-9.136083678552291,0.));
#2504=IFCDIRECTION((0.,1.,0.));
#2505=IFCDIRECTION((0.,0.,1.));
#2506=IFCAXIS2PLACEMENT3D(#2503,#2504,#2505);
#2507=IFCRECTANGLEPROFILEDEF(.AREA.,$,$,0.029999999999999999,0.029999999999999999);
#2508=IFCDIRECTION((0.,0.,1.));
#2509=IFCEXTRUDEDAREASOLID(#2507,#2506,#2508,18.272167357104582);
#2510=IFCCARTESIANPOINT((0.,0.,0.));
#2511=IFCAXIS2PLACEMENT3D(#2510,$,$);
#2512=IFCTEXTLITERAL('I',#2511,.RIGHT.);
#2513=IFCSHAPEREPRESENTATION(#11,'Annotation','Annotation2D',(#2512));
#2514=IFCPRODUCTDEFINITIONSHAPE($,$,(#2513));
#2515=IFCANNOTATION('3IwB7FWSbFQRfatZWE8zH$',$,'InfoBIM Reference Grid - XY Label I',$,'GRID_REFERENCE_LABEL',#2520,#2514);
#2516=IFCCARTESIANPOINT((8.1475857498660353,-9.136083678552291,0.));
#2517=IFCDIRECTION((0.,0.,1.));
#2518=IFCDIRECTION((1.,0.,0.));
#2519=IFCAXIS2PLACEMENT3D(#2516,#2517,#2518);
#2520=IFCLOCALPLACEMENT($,#2519);
#2521=IFCCARTESIANPOINT((-7.2210836785522901,-9.136083678552291,0.));
#2522=IFCCARTESIANPOINT((7.2210836785522901,-9.136083678552291,0.));
#2523=IFCPOLYLINE((#2521,#2522));
#2524=IFCGRIDAXIS('1',#2523,.T.);
#2525=IFCCARTESIANPOINT((-7.2210836785522901,-9.136083678552291,0.));
#2526=IFCDIRECTION((1.,0.,0.));
#2527=IFCDIRECTION((0.,0.,1.));
#2528=IFCAXIS2PLACEMENT3D(#2525,#2526,#2527);
#2529=IFCRECTANGLEPROFILEDEF(.AREA.,$,$,0.029999999999999999,0.029999999999999999);
#2530=IFCDIRECTION((0.,0.,1.));
#2531=IFCEXTRUDEDAREASOLID(#2529,#2528,#2530,14.44216735710458);
#2532=IFCCARTESIANPOINT((0.,0.,0.));
#2533=IFCAXIS2PLACEMENT3D(#2532,$,$);
#2534=IFCTEXTLITERAL('1',#2533,.RIGHT.);
#2535=IFCSHAPEREPRESENTATION(#11,'Annotation','Annotation2D',(#2534));
#2536=IFCPRODUCTDEFINITIONSHAPE($,$,(#2535));
#2537=IFCANNOTATION('2w4llYR1bC4gobelmWTK43',$,'InfoBIM Reference Grid - XY Label 1',$,'GRID_REFERENCE_LABEL',#2542,#2536);
#2538=IFCCARTESIANPOINT((-7.2210836785522901,-9.136083678552291,0.));
#2539=IFCDIRECTION((0.,0.,1.));
#2540=IFCDIRECTION((1.,0.,0.));
#2541=IFCAXIS2PLACEMENT3D(#2538,#2539,#2540);
#2542=IFCLOCALPLACEMENT($,#2541);
#2543=IFCCARTESIANPOINT((-7.2210836785522901,-7.2149999999999999,0.));
#2544=IFCCARTESIANPOINT((7.2210836785522901,-7.2149999999999999,0.));
#2545=IFCPOLYLINE((#2543,#2544));
#2546=IFCGRIDAXIS('2',#2545,.T.);
#2547=IFCCARTESIANPOINT((-7.2210836785522901,-7.2149999999999999,0.));
#2548=IFCDIRECTION((1.,0.,0.));
#2549=IFCDIRECTION((0.,0.,1.));
#2550=IFCAXIS2PLACEMENT3D(#2547,#2548,#2549);
#2551=IFCRECTANGLEPROFILEDEF(.AREA.,$,$,0.029999999999999999,0.029999999999999999);
#2552=IFCDIRECTION((0.,0.,1.));
#2553=IFCEXTRUDEDAREASOLID(#2551,#2550,#2552,14.44216735710458);
#2554=IFCCARTESIANPOINT((0.,0.,0.));
#2555=IFCAXIS2PLACEMENT3D(#2554,$,$);
#2556=IFCTEXTLITERAL('2',#2555,.RIGHT.);
#2557=IFCSHAPEREPRESENTATION(#11,'Annotation','Annotation2D',(#2556));
#2558=IFCPRODUCTDEFINITIONSHAPE($,$,(#2557));
#2559=IFCANNOTATION('1YmgUl2mv2w98jIsNF0uxo',$,'InfoBIM Reference Grid - XY Label 2',$,'GRID_REFERENCE_LABEL',#2564,#2558);
#2560=IFCCARTESIANPOINT((-7.2210836785522901,-7.2149999999999999,0.));
#2561=IFCDIRECTION((0.,0.,1.));
#2562=IFCDIRECTION((1.,0.,0.));
#2563=IFCAXIS2PLACEMENT3D(#2560,#2561,#2562);
#2564=IFCLOCALPLACEMENT($,#2563);
#2565=IFCCARTESIANPOINT((-7.2210836785522901,-5.2939163214477096,0.));
#2566=IFCCARTESIANPOINT((7.2210836785522901,-5.2939163214477096,0.));
#2567=IFCPOLYLINE((#2565,#2566));
#2568=IFCGRIDAXIS('3',#2567,.T.);
#2569=IFCCARTESIANPOINT((-7.2210836785522901,-5.2939163214477096,0.));
#2570=IFCDIRECTION((1.,0.,0.));
#2571=IFCDIRECTION((0.,0.,1.));
#2572=IFCAXIS2PLACEMENT3D(#2569,#2570,#2571);
#2573=IFCRECTANGLEPROFILEDEF(.AREA.,$,$,0.029999999999999999,0.029999999999999999);
#2574=IFCDIRECTION((0.,0.,1.));
#2575=IFCEXTRUDEDAREASOLID(#2573,#2572,#2574,14.44216735710458);
#2576=IFCCARTESIANPOINT((0.,0.,0.));
#2577=IFCAXIS2PLACEMENT3D(#2576,$,$);
#2578=IFCTEXTLITERAL('3',#2577,.RIGHT.);
#2579=IFCSHAPEREPRESENTATION(#11,'Annotation','Annotation2D',(#2578));
#2580=IFCPRODUCTDEFINITIONSHAPE($,$,(#2579));
#2581=IFCANNOTATION('0vcbeCIh53$e$Yuo7i9jOp',$,'InfoBIM Reference Grid - XY Label 3',$,'GRID_REFERENCE_LABEL',#2586,#2580);
#2582=IFCCARTESIANPOINT((-7.2210836785522901,-5.2939163214477096,0.));
#2583=IFCDIRECTION((0.,0.,1.));
#2584=IFCDIRECTION((1.,0.,0.));
#2585=IFCAXIS2PLACEMENT3D(#2582,#2583,#2584);
#2586=IFCLOCALPLACEMENT($,#2585);
#2587=IFCCARTESIANPOINT((-7.2210836785522901,-3.3728326428954194,0.));
#2588=IFCCARTESIANPOINT((7.2210836785522901,-3.3728326428954194,0.));
#2589=IFCPOLYLINE((#2587,#2588));
#2590=IFCGRIDAXIS('4',#2589,.T.);
#2591=IFCCARTESIANPOINT((-7.2210836785522901,-3.3728326428954194,0.));
#2592=IFCDIRECTION((1.,0.,0.));
#2593=IFCDIRECTION((0.,0.,1.));
#2594=IFCAXIS2PLACEMENT3D(#2591,#2592,#2593);
#2595=IFCRECTANGLEPROFILEDEF(.AREA.,$,$,0.029999999999999999,0.029999999999999999);
#2596=IFCDIRECTION((0.,0.,1.));
#2597=IFCEXTRUDEDAREASOLID(#2595,#2594,#2596,14.44216735710458);
#2598=IFCCARTESIANPOINT((0.,0.,0.));
#2599=IFCAXIS2PLACEMENT3D(#2598,$,$);
#2600=IFCTEXTLITERAL('4',#2599,.RIGHT.);
#2601=IFCSHAPEREPRESENTATION(#11,'Annotation','Annotation2D',(#2600));
#2602=IFCPRODUCTDEFINITIONSHAPE($,$,(#2601));
#2603=IFCANNOTATION('03Go149EP7BRIc95FeCS1e',$,'InfoBIM Reference Grid - XY Label 4',$,'GRID_REFERENCE_LABEL',#2608,#2602);
#2604=IFCCARTESIANPOINT((-7.2210836785522901,-3.3728326428954194,0.));
#2605=IFCDIRECTION((0.,0.,1.));
#2606=IFCDIRECTION((1.,0.,0.));
#2607=IFCAXIS2PLACEMENT3D(#2604,#2605,#2606);
#2608=IFCLOCALPLACEMENT($,#2607);
#2609=IFCCARTESIANPOINT((-7.2210836785522901,-1.4517489643431283,0.));
#2610=IFCCARTESIANPOINT((7.2210836785522901,-1.4517489643431283,0.));
#2611=IFCPOLYLINE((#2609,#2610));
#2612=IFCGRIDAXIS('5',#2611,.T.);
#2613=IFCCARTESIANPOINT((-7.2210836785522901,-1.4517489643431283,0.));
#2614=IFCDIRECTION((1.,0.,0.));
#2615=IFCDIRECTION((0.,0.,1.));
#2616=IFCAXIS2PLACEMENT3D(#2613,#2614,#2615);
#2617=IFCRECTANGLEPROFILEDEF(.AREA.,$,$,0.029999999999999999,0.029999999999999999);
#2618=IFCDIRECTION((0.,0.,1.));
#2619=IFCEXTRUDEDAREASOLID(#2617,#2616,#2618,14.44216735710458);
#2620=IFCCARTESIANPOINT((0.,0.,0.));
#2621=IFCAXIS2PLACEMENT3D(#2620,$,$);
#2622=IFCTEXTLITERAL('5',#2621,.RIGHT.);
#2623=IFCSHAPEREPRESENTATION(#11,'Annotation','Annotation2D',(#2622));
#2624=IFCPRODUCTDEFINITIONSHAPE($,$,(#2623));
#2625=IFCANNOTATION('08HVM2LyX5MO5$y9G4zNx9',$,'InfoBIM Reference Grid - XY Label 5',$,'GRID_REFERENCE_LABEL',#2630,#2624);
#2626=IFCCARTESIANPOINT((-7.2210836785522901,-1.4517489643431283,0.));
#2627=IFCDIRECTION((0.,0.,1.));
#2628=IFCDIRECTION((1.,0.,0.));
#2629=IFCAXIS2PLACEMENT3D(#2626,#2627,#2628);
#2630=IFCLOCALPLACEMENT($,#2629);
#2631=IFCCARTESIANPOINT((-7.2210836785522901,0.46933471420916284,0.));
#2632=IFCCARTESIANPOINT((7.2210836785522901,0.46933471420916284,0.));
#2633=IFCPOLYLINE((#2631,#2632));
#2634=IFCGRIDAXIS('6',#2633,.T.);
#2635=IFCCARTESIANPOINT((-7.2210836785522901,0.46933471420916284,0.));
#2636=IFCDIRECTION((1.,0.,0.));
#2637=IFCDIRECTION((0.,0.,1.));
#2638=IFCAXIS2PLACEMENT3D(#2635,#2636,#2637);
#2639=IFCRECTANGLEPROFILEDEF(.AREA.,$,$,0.029999999999999999,0.029999999999999999);
#2640=IFCDIRECTION((0.,0.,1.));
#2641=IFCEXTRUDEDAREASOLID(#2639,#2638,#2640,14.44216735710458);
#2642=IFCCARTESIANPOINT((0.,0.,0.));
#2643=IFCAXIS2PLACEMENT3D(#2642,$,$);
#2644=IFCTEXTLITERAL('6',#2643,.RIGHT.);
#2645=IFCSHAPEREPRESENTATION(#11,'Annotation','Annotation2D',(#2644));
#2646=IFCPRODUCTDEFINITIONSHAPE($,$,(#2645));
#2647=IFCANNOTATION('2fqaXTphfAGeOyNRBxzalA',$,'InfoBIM Reference Grid - XY Label 6',$,'GRID_REFERENCE_LABEL',#2652,#2646);
#2648=IFCCARTESIANPOINT((-7.2210836785522901,0.46933471420916284,0.));
#2649=IFCDIRECTION((0.,0.,1.));
#2650=IFCDIRECTION((1.,0.,0.));
#2651=IFCAXIS2PLACEMENT3D(#2648,#2649,#2650);
#2652=IFCLOCALPLACEMENT($,#2651);
#2653=IFCCARTESIANPOINT((-7.2210836785522901,2.3904183927614522,0.));
#2654=IFCCARTESIANPOINT((7.2210836785522901,2.3904183927614522,0.));
#2655=IFCPOLYLINE((#2653,#2654));
#2656=IFCGRIDAXIS('7',#2655,.T.);
#2657=IFCCARTESIANPOINT((-7.2210836785522901,2.3904183927614522,0.));
#2658=IFCDIRECTION((1.,0.,0.));
#2659=IFCDIRECTION((0.,0.,1.));
#2660=IFCAXIS2PLACEMENT3D(#2657,#2658,#2659);
#2661=IFCRECTANGLEPROFILEDEF(.AREA.,$,$,0.029999999999999999,0.029999999999999999);
#2662=IFCDIRECTION((0.,0.,1.));
#2663=IFCEXTRUDEDAREASOLID(#2661,#2660,#2662,14.44216735710458);
#2664=IFCCARTESIANPOINT((0.,0.,0.));
#2665=IFCAXIS2PLACEMENT3D(#2664,$,$);
#2666=IFCTEXTLITERAL('7',#2665,.RIGHT.);
#2667=IFCSHAPEREPRESENTATION(#11,'Annotation','Annotation2D',(#2666));
#2668=IFCPRODUCTDEFINITIONSHAPE($,$,(#2667));
#2669=IFCANNOTATION('05fbG6FOrBIO$XRNz_jQMv',$,'InfoBIM Reference Grid - XY Label 7',$,'GRID_REFERENCE_LABEL',#2674,#2668);
#2670=IFCCARTESIANPOINT((-7.2210836785522901,2.3904183927614522,0.));
#2671=IFCDIRECTION((0.,0.,1.));
#2672=IFCDIRECTION((1.,0.,0.));
#2673=IFCAXIS2PLACEMENT3D(#2670,#2671,#2672);
#2674=IFCLOCALPLACEMENT($,#2673);
#2675=IFCCARTESIANPOINT((-7.2210836785522901,4.3115020713137433,0.));
#2676=IFCCARTESIANPOINT((7.2210836785522901,4.3115020713137433,0.));
#2677=IFCPOLYLINE((#2675,#2676));
#2678=IFCGRIDAXIS('8',#2677,.T.);
#2679=IFCCARTESIANPOINT((-7.2210836785522901,4.3115020713137433,0.));
#2680=IFCDIRECTION((1.,0.,0.));
#2681=IFCDIRECTION((0.,0.,1.));
#2682=IFCAXIS2PLACEMENT3D(#2679,#2680,#2681);
#2683=IFCRECTANGLEPROFILEDEF(.AREA.,$,$,0.029999999999999999,0.029999999999999999);
#2684=IFCDIRECTION((0.,0.,1.));
#2685=IFCEXTRUDEDAREASOLID(#2683,#2682,#2684,14.44216735710458);
#2686=IFCCARTESIANPOINT((0.,0.,0.));
#2687=IFCAXIS2PLACEMENT3D(#2686,$,$);
#2688=IFCTEXTLITERAL('8',#2687,.RIGHT.);
#2689=IFCSHAPEREPRESENTATION(#11,'Annotation','Annotation2D',(#2688));
#2690=IFCPRODUCTDEFINITIONSHAPE($,$,(#2689));
#2691=IFCANNOTATION('0_5R0Y8C98iOlt3RrqEo88',$,'InfoBIM Reference Grid - XY Label 8',$,'GRID_REFERENCE_LABEL',#2696,#2690);
#2692=IFCCARTESIANPOINT((-7.2210836785522901,4.3115020713137433,0.));
#2693=IFCDIRECTION((0.,0.,1.));
#2694=IFCDIRECTION((1.,0.,0.));
#2695=IFCAXIS2PLACEMENT3D(#2692,#2693,#2694);
#2696=IFCLOCALPLACEMENT($,#2695);
#2697=IFCCARTESIANPOINT((-7.2210836785522901,6.2325857498660344,0.));
#2698=IFCCARTESIANPOINT((7.2210836785522901,6.2325857498660344,0.));
#2699=IFCPOLYLINE((#2697,#2698));
#2700=IFCGRIDAXIS('9',#2699,.T.);
#2701=IFCCARTESIANPOINT((-7.2210836785522901,6.2325857498660344,0.));
#2702=IFCDIRECTION((1.,0.,0.));
#2703=IFCDIRECTION((0.,0.,1.));
#2704=IFCAXIS2PLACEMENT3D(#2701,#2702,#2703);
#2705=IFCRECTANGLEPROFILEDEF(.AREA.,$,$,0.029999999999999999,0.029999999999999999);
#2706=IFCDIRECTION((0.,0.,1.));
#2707=IFCEXTRUDEDAREASOLID(#2705,#2704,#2706,14.44216735710458);
#2708=IFCCARTESIANPOINT((0.,0.,0.));
#2709=IFCAXIS2PLACEMENT3D(#2708,$,$);
#2710=IFCTEXTLITERAL('9',#2709,.RIGHT.);
#2711=IFCSHAPEREPRESENTATION(#11,'Annotation','Annotation2D',(#2710));
#2712=IFCPRODUCTDEFINITIONSHAPE($,$,(#2711));
#2713=IFCANNOTATION('0iWaNe6UvDuR8gXKuRPA91',$,'InfoBIM Reference Grid - XY Label 9',$,'GRID_REFERENCE_LABEL',#2718,#2712);
#2714=IFCCARTESIANPOINT((-7.2210836785522901,6.2325857498660344,0.));
#2715=IFCDIRECTION((0.,0.,1.));
#2716=IFCDIRECTION((1.,0.,0.));
#2717=IFCAXIS2PLACEMENT3D(#2714,#2715,#2716);
#2718=IFCLOCALPLACEMENT($,#2717);
#2719=IFCCARTESIANPOINT((-7.2210836785522901,8.1536694284183238,0.));
#2720=IFCCARTESIANPOINT((7.2210836785522901,8.1536694284183238,0.));
#2721=IFCPOLYLINE((#2719,#2720));
#2722=IFCGRIDAXIS('10',#2721,.T.);
#2723=IFCCARTESIANPOINT((-7.2210836785522901,8.1536694284183238,0.));
#2724=IFCDIRECTION((1.,0.,0.));
#2725=IFCDIRECTION((0.,0.,1.));
#2726=IFCAXIS2PLACEMENT3D(#2723,#2724,#2725);
#2727=IFCRECTANGLEPROFILEDEF(.AREA.,$,$,0.029999999999999999,0.029999999999999999);
#2728=IFCDIRECTION((0.,0.,1.));
#2729=IFCEXTRUDEDAREASOLID(#2727,#2726,#2728,14.44216735710458);
#2730=IFCCARTESIANPOINT((0.,0.,0.));
#2731=IFCAXIS2PLACEMENT3D(#2730,$,$);
#2732=IFCTEXTLITERAL('10',#2731,.RIGHT.);
#2733=IFCSHAPEREPRESENTATION(#11,'Annotation','Annotation2D',(#2732));
#2734=IFCPRODUCTDEFINITIONSHAPE($,$,(#2733));
#2735=IFCANNOTATION('3e_mM_XCH4z936PrJybuMu',$,'InfoBIM Reference Grid - XY Label 10',$,'GRID_REFERENCE_LABEL',#2740,#2734);
#2736=IFCCARTESIANPOINT((-7.2210836785522901,8.1536694284183238,0.));
#2737=IFCDIRECTION((0.,0.,1.));
#2738=IFCDIRECTION((1.,0.,0.));
#2739=IFCAXIS2PLACEMENT3D(#2736,#2737,#2738);
#2740=IFCLOCALPLACEMENT($,#2739);
#2741=IFCCARTESIANPOINT((-7.2210836785522901,10.074753106970617,0.));
#2742=IFCCARTESIANPOINT((7.2210836785522901,10.074753106970617,0.));
#2743=IFCPOLYLINE((#2741,#2742));
#2744=IFCGRIDAXIS('11',#2743,.T.);
#2745=IFCCARTESIANPOINT((-7.2210836785522901,10.074753106970617,0.));
#2746=IFCDIRECTION((1.,0.,0.));
#2747=IFCDIRECTION((0.,0.,1.));
#2748=IFCAXIS2PLACEMENT3D(#2745,#2746,#2747);
#2749=IFCRECTANGLEPROFILEDEF(.AREA.,$,$,0.029999999999999999,0.029999999999999999);
#2750=IFCDIRECTION((0.,0.,1.));
#2751=IFCEXTRUDEDAREASOLID(#2749,#2748,#2750,14.44216735710458);
#2752=IFCCARTESIANPOINT((0.,0.,0.));
#2753=IFCAXIS2PLACEMENT3D(#2752,$,$);
#2754=IFCTEXTLITERAL('11',#2753,.RIGHT.);
#2755=IFCSHAPEREPRESENTATION(#11,'Annotation','Annotation2D',(#2754));
#2756=IFCPRODUCTDEFINITIONSHAPE($,$,(#2755));
#2757=IFCANNOTATION('1YW6rM4sv4bRvxAyRMr67g',$,'InfoBIM Reference Grid - XY Label 11',$,'GRID_REFERENCE_LABEL',#2762,#2756);
#2758=IFCCARTESIANPOINT((-7.2210836785522901,10.074753106970617,0.));
#2759=IFCDIRECTION((0.,0.,1.));
#2760=IFCDIRECTION((1.,0.,0.));
#2761=IFCAXIS2PLACEMENT3D(#2758,#2759,#2760);
#2762=IFCLOCALPLACEMENT($,#2761);
#2763=IFCSHAPEREPRESENTATION(#11,'Body','SweptSolid',(#2333,#2355,#2377,#2399,#2421,#2443,#2465,#2487,#2509,#2531,#2553,#2575,#2597,#2619,#2641,#2663,#2685,#2707,#2729,#2751));
#2764=IFCGRID('3pw2BCNw1A5uFwKve9wmaM',$,'InfoBIM Reference Grid - XY',$,$,#2770,#2765,(#2326,#2348,#2370,#2392,#2414,#2436,#2458,#2480,#2502),(#2524,#2546,#2568,#2590,#2612,#2634,#2656,#2678,#2700,#2722,#2744),$,.RECTANGULAR.);
#2765=IFCPRODUCTDEFINITIONSHAPE($,$,(#2763));
#2766=IFCCARTESIANPOINT((0.,0.,0.));
#2767=IFCDIRECTION((0.,0.,1.));
#2768=IFCDIRECTION((1.,0.,0.));
#2769=IFCAXIS2PLACEMENT3D(#2766,#2767,#2768);
#2770=IFCLOCALPLACEMENT($,#2769);
#2771=IFCCARTESIANPOINT((-7.2210836785522901,0.,0.));
#2772=IFCCARTESIANPOINT((-7.2210836785522901,9.1345040500431125,0.));
#2773=IFCPOLYLINE((#2771,#2772));
#2774=IFCGRIDAXIS('A',#2773,.T.);
#2775=IFCCARTESIANPOINT((-7.2210836785522901,0.,0.));
#2776=IFCDIRECTION((0.,1.,0.));
#2777=IFCDIRECTION((0.,0.,1.));
#2778=IFCAXIS2PLACEMENT3D(#2775,#2776,#2777);
#2779=IFCRECTANGLEPROFILEDEF(.AREA.,$,$,0.029999999999999999,0.029999999999999999);
#2780=IFCDIRECTION((0.,0.,1.));
#2781=IFCEXTRUDEDAREASOLID(#2779,#2778,#2780,9.1345040500431125);
#2782=IFCCARTESIANPOINT((0.,0.,0.));
#2783=IFCAXIS2PLACEMENT3D(#2782,$,$);
#2784=IFCTEXTLITERAL('A',#2783,.RIGHT.);
#2785=IFCSHAPEREPRESENTATION(#11,'Annotation','Annotation2D',(#2784));
#2786=IFCPRODUCTDEFINITIONSHAPE($,$,(#2785));
#2787=IFCANNOTATION('3p5QnhGjT1UQlNctwjP4L1',$,'InfoBIM Reference Grid - XZ Label A',$,'GRID_REFERENCE_LABEL',#2792,#2786);
#2788=IFCCARTESIANPOINT((-7.2210836785522901,-9.136083678552291,0.));
#2789=IFCDIRECTION((0.,0.,1.));
#2790=IFCDIRECTION((1.,0.,0.));
#2791=IFCAXIS2PLACEMENT3D(#2788,#2789,#2790);
#2792=IFCLOCALPLACEMENT($,#2791);
#2793=IFCCARTESIANPOINT((-5.2999999999999989,0.,0.));
#2794=IFCCARTESIANPOINT((-5.2999999999999989,9.1345040500431125,0.));
#2795=IFCPOLYLINE((#2793,#2794));
#2796=IFCGRIDAXIS('B',#2795,.T.);
#2797=IFCCARTESIANPOINT((-5.2999999999999989,0.,0.));
#2798=IFCDIRECTION((0.,1.,0.));
#2799=IFCDIRECTION((0.,0.,1.));
#2800=IFCAXIS2PLACEMENT3D(#2797,#2798,#2799);
#2801=IFCRECTANGLEPROFILEDEF(.AREA.,$,$,0.029999999999999999,0.029999999999999999);
#2802=IFCDIRECTION((0.,0.,1.));
#2803=IFCEXTRUDEDAREASOLID(#2801,#2800,#2802,9.1345040500431125);
#2804=IFCCARTESIANPOINT((0.,0.,0.));
#2805=IFCAXIS2PLACEMENT3D(#2804,$,$);
#2806=IFCTEXTLITERAL('B',#2805,.RIGHT.);
#2807=IFCSHAPEREPRESENTATION(#11,'Annotation','Annotation2D',(#2806));
#2808=IFCPRODUCTDEFINITIONSHAPE($,$,(#2807));
#2809=IFCANNOTATION('3hsgJO$yHCAv_I1TVKjMX$',$,'InfoBIM Reference Grid - XZ Label B',$,'GRID_REFERENCE_LABEL',#2814,#2808);
#2810=IFCCARTESIANPOINT((-5.2999999999999989,-9.136083678552291,0.));
#2811=IFCDIRECTION((0.,0.,1.));
#2812=IFCDIRECTION((1.,0.,0.));
#2813=IFCAXIS2PLACEMENT3D(#2810,#2811,#2812);
#2814=IFCLOCALPLACEMENT($,#2813);
#2815=IFCCARTESIANPOINT((-3.3789163214477087,0.,0.));
#2816=IFCCARTESIANPOINT((-3.3789163214477087,9.1345040500431125,0.));
#2817=IFCPOLYLINE((#2815,#2816));
#2818=IFCGRIDAXIS('C',#2817,.T.);
#2819=IFCCARTESIANPOINT((-3.3789163214477087,0.,0.));
#2820=IFCDIRECTION((0.,1.,0.));
#2821=IFCDIRECTION((0.,0.,1.));
#2822=IFCAXIS2PLACEMENT3D(#2819,#2820,#2821);
#2823=IFCRECTANGLEPROFILEDEF(.AREA.,$,$,0.029999999999999999,0.029999999999999999);
#2824=IFCDIRECTION((0.,0.,1.));
#2825=IFCEXTRUDEDAREASOLID(#2823,#2822,#2824,9.1345040500431125);
#2826=IFCCARTESIANPOINT((0.,0.,0.));
#2827=IFCAXIS2PLACEMENT3D(#2826,$,$);
#2828=IFCTEXTLITERAL('C',#2827,.RIGHT.);
#2829=IFCSHAPEREPRESENTATION(#11,'Annotation','Annotation2D',(#2828));
#2830=IFCPRODUCTDEFINITIONSHAPE($,$,(#2829));
#2831=IFCANNOTATION('0OGUVQmLf7cQnxUGxTiKbY',$,'InfoBIM Reference Grid - XZ Label C',$,'GRID_REFERENCE_LABEL',#2836,#2830);
#2832=IFCCARTESIANPOINT((-3.3789163214477087,-9.136083678552291,0.));
#2833=IFCDIRECTION((0.,0.,1.));
#2834=IFCDIRECTION((1.,0.,0.));
#2835=IFCAXIS2PLACEMENT3D(#2832,#2833,#2834);
#2836=IFCLOCALPLACEMENT($,#2835);
#2837=IFCCARTESIANPOINT((-1.4578326428954185,0.,0.));
#2838=IFCCARTESIANPOINT((-1.4578326428954185,9.1345040500431125,0.));
#2839=IFCPOLYLINE((#2837,#2838));
#2840=IFCGRIDAXIS('D',#2839,.T.);
#2841=IFCCARTESIANPOINT((-1.4578326428954185,0.,0.));
#2842=IFCDIRECTION((0.,1.,0.));
#2843=IFCDIRECTION((0.,0.,1.));
#2844=IFCAXIS2PLACEMENT3D(#2841,#2842,#2843);
#2845=IFCRECTANGLEPROFILEDEF(.AREA.,$,$,0.029999999999999999,0.029999999999999999);
#2846=IFCDIRECTION((0.,0.,1.));
#2847=IFCEXTRUDEDAREASOLID(#2845,#2844,#2846,9.1345040500431125);
#2848=IFCCARTESIANPOINT((0.,0.,0.));
#2849=IFCAXIS2PLACEMENT3D(#2848,$,$);
#2850=IFCTEXTLITERAL('D',#2849,.RIGHT.);
#2851=IFCSHAPEREPRESENTATION(#11,'Annotation','Annotation2D',(#2850));
#2852=IFCPRODUCTDEFINITIONSHAPE($,$,(#2851));
#2853=IFCANNOTATION('3k3XkiuDT36vcyI4nUr1UZ',$,'InfoBIM Reference Grid - XZ Label D',$,'GRID_REFERENCE_LABEL',#2858,#2852);
#2854=IFCCARTESIANPOINT((-1.4578326428954185,-9.136083678552291,0.));
#2855=IFCDIRECTION((0.,0.,1.));
#2856=IFCDIRECTION((1.,0.,0.));
#2857=IFCAXIS2PLACEMENT3D(#2854,#2855,#2856);
#2858=IFCLOCALPLACEMENT($,#2857);
#2859=IFCCARTESIANPOINT((0.46325103565687265,0.,0.));
#2860=IFCCARTESIANPOINT((0.46325103565687265,9.1345040500431125,0.));
#2861=IFCPOLYLINE((#2859,#2860));
#2862=IFCGRIDAXIS('E',#2861,.T.);
#2863=IFCCARTESIANPOINT((0.46325103565687265,0.,0.));
#2864=IFCDIRECTION((0.,1.,0.));
#2865=IFCDIRECTION((0.,0.,1.));
#2866=IFCAXIS2PLACEMENT3D(#2863,#2864,#2865);
#2867=IFCRECTANGLEPROFILEDEF(.AREA.,$,$,0.029999999999999999,0.029999999999999999);
#2868=IFCDIRECTION((0.,0.,1.));
#2869=IFCEXTRUDEDAREASOLID(#2867,#2866,#2868,9.1345040500431125);
#2870=IFCCARTESIANPOINT((0.,0.,0.));
#2871=IFCAXIS2PLACEMENT3D(#2870,$,$);
#2872=IFCTEXTLITERAL('E',#2871,.RIGHT.);
#2873=IFCSHAPEREPRESENTATION(#11,'Annotation','Annotation2D',(#2872));
#2874=IFCPRODUCTDEFINITIONSHAPE($,$,(#2873));
#2875=IFCANNOTATION('2wE84y1Hv9NRbcm1KPf7W5',$,'InfoBIM Reference Grid - XZ Label E',$,'GRID_REFERENCE_LABEL',#2880,#2874);
#2876=IFCCARTESIANPOINT((0.46325103565687265,-9.136083678552291,0.));
#2877=IFCDIRECTION((0.,0.,1.));
#2878=IFCDIRECTION((1.,0.,0.));
#2879=IFCAXIS2PLACEMENT3D(#2876,#2877,#2878);
#2880=IFCLOCALPLACEMENT($,#2879);
#2881=IFCCARTESIANPOINT((2.3843347142091638,0.,0.));
#2882=IFCCARTESIANPOINT((2.3843347142091638,9.1345040500431125,0.));
#2883=IFCPOLYLINE((#2881,#2882));
#2884=IFCGRIDAXIS('F',#2883,.T.);
#2885=IFCCARTESIANPOINT((2.3843347142091638,0.,0.));
#2886=IFCDIRECTION((0.,1.,0.));
#2887=IFCDIRECTION((0.,0.,1.));
#2888=IFCAXIS2PLACEMENT3D(#2885,#2886,#2887);
#2889=IFCRECTANGLEPROFILEDEF(.AREA.,$,$,0.029999999999999999,0.029999999999999999);
#2890=IFCDIRECTION((0.,0.,1.));
#2891=IFCEXTRUDEDAREASOLID(#2889,#2888,#2890,9.1345040500431125);
#2892=IFCCARTESIANPOINT((0.,0.,0.));
#2893=IFCAXIS2PLACEMENT3D(#2892,$,$);
#2894=IFCTEXTLITERAL('F',#2893,.RIGHT.);
#2895=IFCSHAPEREPRESENTATION(#11,'Annotation','Annotation2D',(#2894));
#2896=IFCPRODUCTDEFINITIONSHAPE($,$,(#2895));
#2897=IFCANNOTATION('27ccMfLaj3iAgGtLtHA8hl',$,'InfoBIM Reference Grid - XZ Label F',$,'GRID_REFERENCE_LABEL',#2902,#2896);
#2898=IFCCARTESIANPOINT((2.3843347142091638,-9.136083678552291,0.));
#2899=IFCDIRECTION((0.,0.,1.));
#2900=IFCDIRECTION((1.,0.,0.));
#2901=IFCAXIS2PLACEMENT3D(#2898,#2899,#2900);
#2902=IFCLOCALPLACEMENT($,#2901);
#2903=IFCCARTESIANPOINT((4.3054183927614531,0.,0.));
#2904=IFCCARTESIANPOINT((4.3054183927614531,9.1345040500431125,0.));
#2905=IFCPOLYLINE((#2903,#2904));
#2906=IFCGRIDAXIS('G',#2905,.T.);
#2907=IFCCARTESIANPOINT((4.3054183927614531,0.,0.));
#2908=IFCDIRECTION((0.,1.,0.));
#2909=IFCDIRECTION((0.,0.,1.));
#2910=IFCAXIS2PLACEMENT3D(#2907,#2908,#2909);
#2911=IFCRECTANGLEPROFILEDEF(.AREA.,$,$,0.029999999999999999,0.029999999999999999);
#2912=IFCDIRECTION((0.,0.,1.));
#2913=IFCEXTRUDEDAREASOLID(#2911,#2910,#2912,9.1345040500431125);
#2914=IFCCARTESIANPOINT((0.,0.,0.));
#2915=IFCAXIS2PLACEMENT3D(#2914,$,$);
#2916=IFCTEXTLITERAL('G',#2915,.RIGHT.);
#2917=IFCSHAPEREPRESENTATION(#11,'Annotation','Annotation2D',(#2916));
#2918=IFCPRODUCTDEFINITIONSHAPE($,$,(#2917));
#2919=IFCANNOTATION('1FoM$o5fz4pwmr99DcAM7S',$,'InfoBIM Reference Grid - XZ Label G',$,'GRID_REFERENCE_LABEL',#2924,#2918);
#2920=IFCCARTESIANPOINT((4.3054183927614531,-9.136083678552291,0.));
#2921=IFCDIRECTION((0.,0.,1.));
#2922=IFCDIRECTION((1.,0.,0.));
#2923=IFCAXIS2PLACEMENT3D(#2920,#2921,#2922);
#2924=IFCLOCALPLACEMENT($,#2923);
#2925=IFCCARTESIANPOINT((6.2265020713137442,0.,0.));
#2926=IFCCARTESIANPOINT((6.2265020713137442,9.1345040500431125,0.));
#2927=IFCPOLYLINE((#2925,#2926));
#2928=IFCGRIDAXIS('H',#2927,.T.);
#2929=IFCCARTESIANPOINT((6.2265020713137442,0.,0.));
#2930=IFCDIRECTION((0.,1.,0.));
#2931=IFCDIRECTION((0.,0.,1.));
#2932=IFCAXIS2PLACEMENT3D(#2929,#2930,#2931);
#2933=IFCRECTANGLEPROFILEDEF(.AREA.,$,$,0.029999999999999999,0.029999999999999999);
#2934=IFCDIRECTION((0.,0.,1.));
#2935=IFCEXTRUDEDAREASOLID(#2933,#2932,#2934,9.1345040500431125);
#2936=IFCCARTESIANPOINT((0.,0.,0.));
#2937=IFCAXIS2PLACEMENT3D(#2936,$,$);
#2938=IFCTEXTLITERAL('H',#2937,.RIGHT.);
#2939=IFCSHAPEREPRESENTATION(#11,'Annotation','Annotation2D',(#2938));
#2940=IFCPRODUCTDEFINITIONSHAPE($,$,(#2939));
#2941=IFCANNOTATION('2Q70yPDfrBvhxlBWdzrUYa',$,'InfoBIM Reference Grid - XZ Label H',$,'GRID_REFERENCE_LABEL',#2946,#2940);
#2942=IFCCARTESIANPOINT((6.2265020713137442,-9.136083678552291,0.));
#2943=IFCDIRECTION((0.,0.,1.));
#2944=IFCDIRECTION((1.,0.,0.));
#2945=IFCAXIS2PLACEMENT3D(#2942,#2943,#2944);
#2946=IFCLOCALPLACEMENT($,#2945);
#2947=IFCCARTESIANPOINT((8.1475857498660353,0.,0.));
#2948=IFCCARTESIANPOINT((8.1475857498660353,9.1345040500431125,0.));
#2949=IFCPOLYLINE((#2947,#2948));
#2950=IFCGRIDAXIS('I',#2949,.T.);
#2951=IFCCARTESIANPOINT((8.1475857498660353,0.,0.));
#2952=IFCDIRECTION((0.,1.,0.));
#2953=IFCDIRECTION((0.,0.,1.));
#2954=IFCAXIS2PLACEMENT3D(#2951,#2952,#2953);
#2955=IFCRECTANGLEPROFILEDEF(.AREA.,$,$,0.029999999999999999,0.029999999999999999);
#2956=IFCDIRECTION((0.,0.,1.));
#2957=IFCEXTRUDEDAREASOLID(#2955,#2954,#2956,9.1345040500431125);
#2958=IFCCARTESIANPOINT((0.,0.,0.));
#2959=IFCAXIS2PLACEMENT3D(#2958,$,$);
#2960=IFCTEXTLITERAL('I',#2959,.RIGHT.);
#2961=IFCSHAPEREPRESENTATION(#11,'Annotation','Annotation2D',(#2960));
#2962=IFCPRODUCTDEFINITIONSHAPE($,$,(#2961));
#2963=IFCANNOTATION('2QDzKSjk57r9UFs8sQ0T$g',$,'InfoBIM Reference Grid - XZ Label I',$,'GRID_REFERENCE_LABEL',#2968,#2962);
#2964=IFCCARTESIANPOINT((8.1475857498660353,-9.136083678552291,0.));
#2965=IFCDIRECTION((0.,0.,1.));
#2966=IFCDIRECTION((1.,0.,0.));
#2967=IFCAXIS2PLACEMENT3D(#2964,#2965,#2966);
#2968=IFCLOCALPLACEMENT($,#2967);
#2969=IFCCARTESIANPOINT((-7.2210836785522901,0.,0.));
#2970=IFCCARTESIANPOINT((7.2210836785522901,0.,0.));
#2971=IFCPOLYLINE((#2969,#2970));
#2972=IFCGRIDAXIS('\X2\03B1\X0\',#2971,.T.);
#2973=IFCCARTESIANPOINT((-7.2210836785522901,0.,0.));
#2974=IFCDIRECTION((1.,0.,0.));
#2975=IFCDIRECTION((0.,0.,1.));
#2976=IFCAXIS2PLACEMENT3D(#2973,#2974,#2975);
#2977=IFCRECTANGLEPROFILEDEF(.AREA.,$,$,0.029999999999999999,0.029999999999999999);
#2978=IFCDIRECTION((0.,0.,1.));
#2979=IFCEXTRUDEDAREASOLID(#2977,#2976,#2978,14.44216735710458);
#2980=IFCCARTESIANPOINT((0.,0.,0.));
#2981=IFCAXIS2PLACEMENT3D(#2980,$,$);
#2982=IFCTEXTLITERAL('\X2\03B1\X0\',#2981,.RIGHT.);
#2983=IFCSHAPEREPRESENTATION(#11,'Annotation','Annotation2D',(#2982));
#2984=IFCPRODUCTDEFINITIONSHAPE($,$,(#2983));
#2985=IFCANNOTATION('0xogStHxXE4RGGHHJiUez$',$,'InfoBIM Reference Grid - XZ Label \X2\03B1\X0\',$,'GRID_REFERENCE_LABEL',#2990,#2984);
#2986=IFCCARTESIANPOINT((-7.2210836785522901,-9.136083678552291,0.));
#2987=IFCDIRECTION((0.,0.,1.));
#2988=IFCDIRECTION((1.,0.,0.));
#2989=IFCAXIS2PLACEMENT3D(#2986,#2987,#2988);
#2990=IFCLOCALPLACEMENT($,#2989);
#2991=IFCCARTESIANPOINT((-7.2210836785522901,1.9210836785522907,0.));
#2992=IFCCARTESIANPOINT((7.2210836785522901,1.9210836785522907,0.));
#2993=IFCPOLYLINE((#2991,#2992));
#2994=IFCGRIDAXIS('\X2\03B2\X0\',#2993,.T.);
#2995=IFCCARTESIANPOINT((-7.2210836785522901,1.9210836785522907,0.));
#2996=IFCDIRECTION((1.,0.,0.));
#2997=IFCDIRECTION((0.,0.,1.));
#2998=IFCAXIS2PLACEMENT3D(#2995,#2996,#2997);
#2999=IFCRECTANGLEPROFILEDEF(.AREA.,$,$,0.029999999999999999,0.029999999999999999);
#3000=IFCDIRECTION((0.,0.,1.));
#3001=IFCEXTRUDEDAREASOLID(#2999,#2998,#3000,14.44216735710458);
#3002=IFCCARTESIANPOINT((0.,0.,0.));
#3003=IFCAXIS2PLACEMENT3D(#3002,$,$);
#3004=IFCTEXTLITERAL('\X2\03B2\X0\',#3003,.RIGHT.);
#3005=IFCSHAPEREPRESENTATION(#11,'Annotation','Annotation2D',(#3004));
#3006=IFCPRODUCTDEFINITIONSHAPE($,$,(#3005));
#3007=IFCANNOTATION('3Y_Na3XPbF8uyfMsGmMkVG',$,'InfoBIM Reference Grid - XZ Label \X2\03B2\X0\',$,'GRID_REFERENCE_LABEL',#3012,#3006);
#3008=IFCCARTESIANPOINT((-7.2210836785522901,-9.136083678552291,1.9210836785522907));
#3009=IFCDIRECTION((0.,0.,1.));
#3010=IFCDIRECTION((1.,0.,0.));
#3011=IFCAXIS2PLACEMENT3D(#3008,#3009,#3010);
#3012=IFCLOCALPLACEMENT($,#3011);
#3013=IFCCARTESIANPOINT((-7.2210836785522901,3.8421673571045813,0.));
#3014=IFCCARTESIANPOINT((7.2210836785522901,3.8421673571045813,0.));
#3015=IFCPOLYLINE((#3013,#3014));
#3016=IFCGRIDAXIS('\X2\03B3\X0\',#3015,.T.);
#3017=IFCCARTESIANPOINT((-7.2210836785522901,3.8421673571045813,0.));
#3018=IFCDIRECTION((1.,0.,0.));
#3019=IFCDIRECTION((0.,0.,1.));
#3020=IFCAXIS2PLACEMENT3D(#3017,#3018,#3019);
#3021=IFCRECTANGLEPROFILEDEF(.AREA.,$,$,0.029999999999999999,0.029999999999999999);
#3022=IFCDIRECTION((0.,0.,1.));
#3023=IFCEXTRUDEDAREASOLID(#3021,#3020,#3022,14.44216735710458);
#3024=IFCCARTESIANPOINT((0.,0.,0.));
#3025=IFCAXIS2PLACEMENT3D(#3024,$,$);
#3026=IFCTEXTLITERAL('\X2\03B3\X0\',#3025,.RIGHT.);
#3027=IFCSHAPEREPRESENTATION(#11,'Annotation','Annotation2D',(#3026));
#3028=IFCPRODUCTDEFINITIONSHAPE($,$,(#3027));
#3029=IFCANNOTATION('3VikQ0EJL0pe7el2aDNdMW',$,'InfoBIM Reference Grid - XZ Label \X2\03B3\X0\',$,'GRID_REFERENCE_LABEL',#3034,#3028);
#3030=IFCCARTESIANPOINT((-7.2210836785522901,-9.136083678552291,3.8421673571045813));
#3031=IFCDIRECTION((0.,0.,1.));
#3032=IFCDIRECTION((1.,0.,0.));
#3033=IFCAXIS2PLACEMENT3D(#3030,#3031,#3032);
#3034=IFCLOCALPLACEMENT($,#3033);
#3035=IFCCARTESIANPOINT((-7.2210836785522901,5.7632510356568716,0.));
#3036=IFCCARTESIANPOINT((7.2210836785522901,5.7632510356568716,0.));
#3037=IFCPOLYLINE((#3035,#3036));
#3038=IFCGRIDAXIS('\X2\03B4\X0\',#3037,.T.);
#3039=IFCCARTESIANPOINT((-7.2210836785522901,5.7632510356568716,0.));
#3040=IFCDIRECTION((1.,0.,0.));
#3041=IFCDIRECTION((0.,0.,1.));
#3042=IFCAXIS2PLACEMENT3D(#3039,#3040,#3041);
#3043=IFCRECTANGLEPROFILEDEF(.AREA.,$,$,0.029999999999999999,0.029999999999999999);
#3044=IFCDIRECTION((0.,0.,1.));
#3045=IFCEXTRUDEDAREASOLID(#3043,#3042,#3044,14.44216735710458);
#3046=IFCCARTESIANPOINT((0.,0.,0.));
#3047=IFCAXIS2PLACEMENT3D(#3046,$,$);
#3048=IFCTEXTLITERAL('\X2\03B4\X0\',#3047,.RIGHT.);
#3049=IFCSHAPEREPRESENTATION(#11,'Annotation','Annotation2D',(#3048));
#3050=IFCPRODUCTDEFINITIONSHAPE($,$,(#3049));
#3051=IFCANNOTATION('3Q7UuEnkz7wOBXtZU9ZYbE',$,'InfoBIM Reference Grid - XZ Label \X2\03B4\X0\',$,'GRID_REFERENCE_LABEL',#3056,#3050);
#3052=IFCCARTESIANPOINT((-7.2210836785522901,-9.136083678552291,5.7632510356568716));
#3053=IFCDIRECTION((0.,0.,1.));
#3054=IFCDIRECTION((1.,0.,0.));
#3055=IFCAXIS2PLACEMENT3D(#3052,#3053,#3054);
#3056=IFCLOCALPLACEMENT($,#3055);
#3057=IFCCARTESIANPOINT((-7.2210836785522901,7.6843347142091627,0.));
#3058=IFCCARTESIANPOINT((7.2210836785522901,7.6843347142091627,0.));
#3059=IFCPOLYLINE((#3057,#3058));
#3060=IFCGRIDAXIS('\X2\03B5\X0\',#3059,.T.);
#3061=IFCCARTESIANPOINT((-7.2210836785522901,7.6843347142091627,0.));
#3062=IFCDIRECTION((1.,0.,0.));
#3063=IFCDIRECTION((0.,0.,1.));
#3064=IFCAXIS2PLACEMENT3D(#3061,#3062,#3063);
#3065=IFCRECTANGLEPROFILEDEF(.AREA.,$,$,0.029999999999999999,0.029999999999999999);
#3066=IFCDIRECTION((0.,0.,1.));
#3067=IFCEXTRUDEDAREASOLID(#3065,#3064,#3066,14.44216735710458);
#3068=IFCCARTESIANPOINT((0.,0.,0.));
#3069=IFCAXIS2PLACEMENT3D(#3068,$,$);
#3070=IFCTEXTLITERAL('\X2\03B5\X0\',#3069,.RIGHT.);
#3071=IFCSHAPEREPRESENTATION(#11,'Annotation','Annotation2D',(#3070));
#3072=IFCPRODUCTDEFINITIONSHAPE($,$,(#3071));
#3073=IFCANNOTATION('2id4NoAvn0hxdIsAv08BTn',$,'InfoBIM Reference Grid - XZ Label \X2\03B5\X0\',$,'GRID_REFERENCE_LABEL',#3078,#3072);
#3074=IFCCARTESIANPOINT((-7.2210836785522901,-9.136083678552291,7.6843347142091627));
#3075=IFCDIRECTION((0.,0.,1.));
#3076=IFCDIRECTION((1.,0.,0.));
#3077=IFCAXIS2PLACEMENT3D(#3074,#3075,#3076);
#3078=IFCLOCALPLACEMENT($,#3077);
#3079=IFCCARTESIANPOINT((-7.2210836785522901,9.6054183927614538,0.));
#3080=IFCCARTESIANPOINT((7.2210836785522901,9.6054183927614538,0.));
#3081=IFCPOLYLINE((#3079,#3080));
#3082=IFCGRIDAXIS('\X2\03B6\X0\',#3081,.T.);
#3083=IFCCARTESIANPOINT((-7.2210836785522901,9.6054183927614538,0.));
#3084=IFCDIRECTION((1.,0.,0.));
#3085=IFCDIRECTION((0.,0.,1.));
#3086=IFCAXIS2PLACEMENT3D(#3083,#3084,#3085);
#3087=IFCRECTANGLEPROFILEDEF(.AREA.,$,$,0.029999999999999999,0.029999999999999999);
#3088=IFCDIRECTION((0.,0.,1.));
#3089=IFCEXTRUDEDAREASOLID(#3087,#3086,#3088,14.44216735710458);
#3090=IFCCARTESIANPOINT((0.,0.,0.));
#3091=IFCAXIS2PLACEMENT3D(#3090,$,$);
#3092=IFCTEXTLITERAL('\X2\03B6\X0\',#3091,.RIGHT.);
#3093=IFCSHAPEREPRESENTATION(#11,'Annotation','Annotation2D',(#3092));
#3094=IFCPRODUCTDEFINITIONSHAPE($,$,(#3093));
#3095=IFCANNOTATION('3Cn6DkeJ112BcaNH68A5rw',$,'InfoBIM Reference Grid - XZ Label \X2\03B6\X0\',$,'GRID_REFERENCE_LABEL',#3100,#3094);
#3096=IFCCARTESIANPOINT((-7.2210836785522901,-9.136083678552291,9.6054183927614538));
#3097=IFCDIRECTION((0.,0.,1.));
#3098=IFCDIRECTION((1.,0.,0.));
#3099=IFCAXIS2PLACEMENT3D(#3096,#3097,#3098);
#3100=IFCLOCALPLACEMENT($,#3099);
#3101=IFCSHAPEREPRESENTATION(#11,'Body','SweptSolid',(#2781,#2803,#2825,#2847,#2869,#2891,#2913,#2935,#2957,#2979,#3001,#3023,#3045,#3067,#3089));
#3102=IFCGRID('2lD5VhA5v10ve0Nk2wqFlY',$,'InfoBIM Reference Grid - XZ',$,$,#3108,#3103,(#2774,#2796,#2818,#2840,#2862,#2884,#2906,#2928,#2950),(#2972,#2994,#3016,#3038,#3060,#3082),$,.RECTANGULAR.);
#3103=IFCPRODUCTDEFINITIONSHAPE($,$,(#3101));
#3104=IFCCARTESIANPOINT((0.,-9.136083678552291,0.));
#3105=IFCDIRECTION((0.,-1.,0.));
#3106=IFCDIRECTION((1.,0.,0.));
#3107=IFCAXIS2PLACEMENT3D(#3104,#3105,#3106);
#3108=IFCLOCALPLACEMENT($,#3107);
#3109=IFCCARTESIANPOINT((-9.136083678552291,0.,0.));
#3110=IFCCARTESIANPOINT((-9.136083678552291,9.1345040500431125,0.));
#3111=IFCPOLYLINE((#3109,#3110));
#3112=IFCGRIDAXIS('1',#3111,.T.);
#3113=IFCCARTESIANPOINT((-9.136083678552291,0.,0.));
#3114=IFCDIRECTION((0.,1.,0.));
#3115=IFCDIRECTION((0.,0.,1.));
#3116=IFCAXIS2PLACEMENT3D(#3113,#3114,#3115);
#3117=IFCRECTANGLEPROFILEDEF(.AREA.,$,$,0.029999999999999999,0.029999999999999999);
#3118=IFCDIRECTION((0.,0.,1.));
#3119=IFCEXTRUDEDAREASOLID(#3117,#3116,#3118,9.1345040500431125);
#3120=IFCCARTESIANPOINT((0.,0.,0.));
#3121=IFCAXIS2PLACEMENT3D(#3120,$,$);
#3122=IFCTEXTLITERAL('1',#3121,.RIGHT.);
#3123=IFCSHAPEREPRESENTATION(#11,'Annotation','Annotation2D',(#3122));
#3124=IFCPRODUCTDEFINITIONSHAPE($,$,(#3123));
#3125=IFCANNOTATION('3WF8IjWeDDQwbE26oxNM6c',$,'InfoBIM Reference Grid - YZ Label 1',$,'GRID_REFERENCE_LABEL',#3130,#3124);
#3126=IFCCARTESIANPOINT((-7.2210836785522901,-9.136083678552291,0.));
#3127=IFCDIRECTION((0.,0.,1.));
#3128=IFCDIRECTION((1.,0.,0.));
#3129=IFCAXIS2PLACEMENT3D(#3126,#3127,#3128);
#3130=IFCLOCALPLACEMENT($,#3129);
#3131=IFCCARTESIANPOINT((-7.2149999999999999,0.,0.));
#3132=IFCCARTESIANPOINT((-7.2149999999999999,9.1345040500431125,0.));
#3133=IFCPOLYLINE((#3131,#3132));
#3134=IFCGRIDAXIS('2',#3133,.T.);
#3135=IFCCARTESIANPOINT((-7.2149999999999999,0.,0.));
#3136=IFCDIRECTION((0.,1.,0.));
#3137=IFCDIRECTION((0.,0.,1.));
#3138=IFCAXIS2PLACEMENT3D(#3135,#3136,#3137);
#3139=IFCRECTANGLEPROFILEDEF(.AREA.,$,$,0.029999999999999999,0.029999999999999999);
#3140=IFCDIRECTION((0.,0.,1.));
#3141=IFCEXTRUDEDAREASOLID(#3139,#3138,#3140,9.1345040500431125);
#3142=IFCCARTESIANPOINT((0.,0.,0.));
#3143=IFCAXIS2PLACEMENT3D(#3142,$,$);
#3144=IFCTEXTLITERAL('2',#3143,.RIGHT.);
#3145=IFCSHAPEREPRESENTATION(#11,'Annotation','Annotation2D',(#3144));
#3146=IFCPRODUCTDEFINITIONSHAPE($,$,(#3145));
#3147=IFCANNOTATION('2CjQ5IogH0v8jvFfHt1Fa1',$,'InfoBIM Reference Grid - YZ Label 2',$,'GRID_REFERENCE_LABEL',#3152,#3146);
#3148=IFCCARTESIANPOINT((-7.2210836785522901,-7.2149999999999999,0.));
#3149=IFCDIRECTION((0.,0.,1.));
#3150=IFCDIRECTION((1.,0.,0.));
#3151=IFCAXIS2PLACEMENT3D(#3148,#3149,#3150);
#3152=IFCLOCALPLACEMENT($,#3151);
#3153=IFCCARTESIANPOINT((-5.2939163214477096,0.,0.));
#3154=IFCCARTESIANPOINT((-5.2939163214477096,9.1345040500431125,0.));
#3155=IFCPOLYLINE((#3153,#3154));
#3156=IFCGRIDAXIS('3',#3155,.T.);
#3157=IFCCARTESIANPOINT((-5.2939163214477096,0.,0.));
#3158=IFCDIRECTION((0.,1.,0.));
#3159=IFCDIRECTION((0.,0.,1.));
#3160=IFCAXIS2PLACEMENT3D(#3157,#3158,#3159);
#3161=IFCRECTANGLEPROFILEDEF(.AREA.,$,$,0.029999999999999999,0.029999999999999999);
#3162=IFCDIRECTION((0.,0.,1.));
#3163=IFCEXTRUDEDAREASOLID(#3161,#3160,#3162,9.1345040500431125);
#3164=IFCCARTESIANPOINT((0.,0.,0.));
#3165=IFCAXIS2PLACEMENT3D(#3164,$,$);
#3166=IFCTEXTLITERAL('3',#3165,.RIGHT.);
#3167=IFCSHAPEREPRESENTATION(#11,'Annotation','Annotation2D',(#3166));
#3168=IFCPRODUCTDEFINITIONSHAPE($,$,(#3167));
#3169=IFCANNOTATION('2eQ4Zq1v92kxbOnrsjl3se',$,'InfoBIM Reference Grid - YZ Label 3',$,'GRID_REFERENCE_LABEL',#3174,#3168);
#3170=IFCCARTESIANPOINT((-7.2210836785522901,-5.2939163214477096,0.));
#3171=IFCDIRECTION((0.,0.,1.));
#3172=IFCDIRECTION((1.,0.,0.));
#3173=IFCAXIS2PLACEMENT3D(#3170,#3171,#3172);
#3174=IFCLOCALPLACEMENT($,#3173);
#3175=IFCCARTESIANPOINT((-3.3728326428954194,0.,0.));
#3176=IFCCARTESIANPOINT((-3.3728326428954194,9.1345040500431125,0.));
#3177=IFCPOLYLINE((#3175,#3176));
#3178=IFCGRIDAXIS('4',#3177,.T.);
#3179=IFCCARTESIANPOINT((-3.3728326428954194,0.,0.));
#3180=IFCDIRECTION((0.,1.,0.));
#3181=IFCDIRECTION((0.,0.,1.));
#3182=IFCAXIS2PLACEMENT3D(#3179,#3180,#3181);
#3183=IFCRECTANGLEPROFILEDEF(.AREA.,$,$,0.029999999999999999,0.029999999999999999);
#3184=IFCDIRECTION((0.,0.,1.));
#3185=IFCEXTRUDEDAREASOLID(#3183,#3182,#3184,9.1345040500431125);
#3186=IFCCARTESIANPOINT((0.,0.,0.));
#3187=IFCAXIS2PLACEMENT3D(#3186,$,$);
#3188=IFCTEXTLITERAL('4',#3187,.RIGHT.);
#3189=IFCSHAPEREPRESENTATION(#11,'Annotation','Annotation2D',(#3188));
#3190=IFCPRODUCTDEFINITIONSHAPE($,$,(#3189));
#3191=IFCANNOTATION('0VQ9Bi$vz6OvIRpzPURylJ',$,'InfoBIM Reference Grid - YZ Label 4',$,'GRID_REFERENCE_LABEL',#3196,#3190);
#3192=IFCCARTESIANPOINT((-7.2210836785522901,-3.3728326428954194,0.));
#3193=IFCDIRECTION((0.,0.,1.));
#3194=IFCDIRECTION((1.,0.,0.));
#3195=IFCAXIS2PLACEMENT3D(#3192,#3193,#3194);
#3196=IFCLOCALPLACEMENT($,#3195);
#3197=IFCCARTESIANPOINT((-1.4517489643431283,0.,0.));
#3198=IFCCARTESIANPOINT((-1.4517489643431283,9.1345040500431125,0.));
#3199=IFCPOLYLINE((#3197,#3198));
#3200=IFCGRIDAXIS('5',#3199,.T.);
#3201=IFCCARTESIANPOINT((-1.4517489643431283,0.,0.));
#3202=IFCDIRECTION((0.,1.,0.));
#3203=IFCDIRECTION((0.,0.,1.));
#3204=IFCAXIS2PLACEMENT3D(#3201,#3202,#3203);
#3205=IFCRECTANGLEPROFILEDEF(.AREA.,$,$,0.029999999999999999,0.029999999999999999);
#3206=IFCDIRECTION((0.,0.,1.));
#3207=IFCEXTRUDEDAREASOLID(#3205,#3204,#3206,9.1345040500431125);
#3208=IFCCARTESIANPOINT((0.,0.,0.));
#3209=IFCAXIS2PLACEMENT3D(#3208,$,$);
#3210=IFCTEXTLITERAL('5',#3209,.RIGHT.);
#3211=IFCSHAPEREPRESENTATION(#11,'Annotation','Annotation2D',(#3210));
#3212=IFCPRODUCTDEFINITIONSHAPE($,$,(#3211));
#3213=IFCANNOTATION('3ecMuUQ2bDBvLhPACYzO4C',$,'InfoBIM Reference Grid - YZ Label 5',$,'GRID_REFERENCE_LABEL',#3218,#3212);
#3214=IFCCARTESIANPOINT((-7.2210836785522901,-1.4517489643431283,0.));
#3215=IFCDIRECTION((0.,0.,1.));
#3216=IFCDIRECTION((1.,0.,0.));
#3217=IFCAXIS2PLACEMENT3D(#3214,#3215,#3216);
#3218=IFCLOCALPLACEMENT($,#3217);
#3219=IFCCARTESIANPOINT((0.46933471420916284,0.,0.));
#3220=IFCCARTESIANPOINT((0.46933471420916284,9.1345040500431125,0.));
#3221=IFCPOLYLINE((#3219,#3220));
#3222=IFCGRIDAXIS('6',#3221,.T.);
#3223=IFCCARTESIANPOINT((0.46933471420916284,0.,0.));
#3224=IFCDIRECTION((0.,1.,0.));
#3225=IFCDIRECTION((0.,0.,1.));
#3226=IFCAXIS2PLACEMENT3D(#3223,#3224,#3225);
#3227=IFCRECTANGLEPROFILEDEF(.AREA.,$,$,0.029999999999999999,0.029999999999999999);
#3228=IFCDIRECTION((0.,0.,1.));
#3229=IFCEXTRUDEDAREASOLID(#3227,#3226,#3228,9.1345040500431125);
#3230=IFCCARTESIANPOINT((0.,0.,0.));
#3231=IFCAXIS2PLACEMENT3D(#3230,$,$);
#3232=IFCTEXTLITERAL('6',#3231,.RIGHT.);
#3233=IFCSHAPEREPRESENTATION(#11,'Annotation','Annotation2D',(#3232));
#3234=IFCPRODUCTDEFINITIONSHAPE($,$,(#3233));
#3235=IFCANNOTATION('2$V7pUUx99a8t1mjhiSNNm',$,'InfoBIM Reference Grid - YZ Label 6',$,'GRID_REFERENCE_LABEL',#3240,#3234);
#3236=IFCCARTESIANPOINT((-7.2210836785522901,0.46933471420916284,0.));
#3237=IFCDIRECTION((0.,0.,1.));
#3238=IFCDIRECTION((1.,0.,0.));
#3239=IFCAXIS2PLACEMENT3D(#3236,#3237,#3238);
#3240=IFCLOCALPLACEMENT($,#3239);
#3241=IFCCARTESIANPOINT((2.3904183927614522,0.,0.));
#3242=IFCCARTESIANPOINT((2.3904183927614522,9.1345040500431125,0.));
#3243=IFCPOLYLINE((#3241,#3242));
#3244=IFCGRIDAXIS('7',#3243,.T.);
#3245=IFCCARTESIANPOINT((2.3904183927614522,0.,0.));
#3246=IFCDIRECTION((0.,1.,0.));
#3247=IFCDIRECTION((0.,0.,1.));
#3248=IFCAXIS2PLACEMENT3D(#3245,#3246,#3247);
#3249=IFCRECTANGLEPROFILEDEF(.AREA.,$,$,0.029999999999999999,0.029999999999999999);
#3250=IFCDIRECTION((0.,0.,1.));
#3251=IFCEXTRUDEDAREASOLID(#3249,#3248,#3250,9.1345040500431125);
#3252=IFCCARTESIANPOINT((0.,0.,0.));
#3253=IFCAXIS2PLACEMENT3D(#3252,$,$);
#3254=IFCTEXTLITERAL('7',#3253,.RIGHT.);
#3255=IFCSHAPEREPRESENTATION(#11,'Annotation','Annotation2D',(#3254));
#3256=IFCPRODUCTDEFINITIONSHAPE($,$,(#3255));
#3257=IFCANNOTATION('06T3hxobPB8xOmJzTpq244',$,'InfoBIM Reference Grid - YZ Label 7',$,'GRID_REFERENCE_LABEL',#3262,#3256);
#3258=IFCCARTESIANPOINT((-7.2210836785522901,2.3904183927614522,0.));
#3259=IFCDIRECTION((0.,0.,1.));
#3260=IFCDIRECTION((1.,0.,0.));
#3261=IFCAXIS2PLACEMENT3D(#3258,#3259,#3260);
#3262=IFCLOCALPLACEMENT($,#3261);
#3263=IFCCARTESIANPOINT((4.3115020713137433,0.,0.));
#3264=IFCCARTESIANPOINT((4.3115020713137433,9.1345040500431125,0.));
#3265=IFCPOLYLINE((#3263,#3264));
#3266=IFCGRIDAXIS('8',#3265,.T.);
#3267=IFCCARTESIANPOINT((4.3115020713137433,0.,0.));
#3268=IFCDIRECTION((0.,1.,0.));
#3269=IFCDIRECTION((0.,0.,1.));
#3270=IFCAXIS2PLACEMENT3D(#3267,#3268,#3269);
#3271=IFCRECTANGLEPROFILEDEF(.AREA.,$,$,0.029999999999999999,0.029999999999999999);
#3272=IFCDIRECTION((0.,0.,1.));
#3273=IFCEXTRUDEDAREASOLID(#3271,#3270,#3272,9.1345040500431125);
#3274=IFCCARTESIANPOINT((0.,0.,0.));
#3275=IFCAXIS2PLACEMENT3D(#3274,$,$);
#3276=IFCTEXTLITERAL('8',#3275,.RIGHT.);
#3277=IFCSHAPEREPRESENTATION(#11,'Annotation','Annotation2D',(#3276));
#3278=IFCPRODUCTDEFINITIONSHAPE($,$,(#3277));
#3279=IFCANNOTATION('3kMV8W$FH4q8lDyADLTx2r',$,'InfoBIM Reference Grid - YZ Label 8',$,'GRID_REFERENCE_LABEL',#3284,#3278);
#3280=IFCCARTESIANPOINT((-7.2210836785522901,4.3115020713137433,0.));
#3281=IFCDIRECTION((0.,0.,1.));
#3282=IFCDIRECTION((1.,0.,0.));
#3283=IFCAXIS2PLACEMENT3D(#3280,#3281,#3282);
#3284=IFCLOCALPLACEMENT($,#3283);
#3285=IFCCARTESIANPOINT((6.2325857498660344,0.,0.));
#3286=IFCCARTESIANPOINT((6.2325857498660344,9.1345040500431125,0.));
#3287=IFCPOLYLINE((#3285,#3286));
#3288=IFCGRIDAXIS('9',#3287,.T.);
#3289=IFCCARTESIANPOINT((6.2325857498660344,0.,0.));
#3290=IFCDIRECTION((0.,1.,0.));
#3291=IFCDIRECTION((0.,0.,1.));
#3292=IFCAXIS2PLACEMENT3D(#3289,#3290,#3291);
#3293=IFCRECTANGLEPROFILEDEF(.AREA.,$,$,0.029999999999999999,0.029999999999999999);
#3294=IFCDIRECTION((0.,0.,1.));
#3295=IFCEXTRUDEDAREASOLID(#3293,#3292,#3294,9.1345040500431125);
#3296=IFCCARTESIANPOINT((0.,0.,0.));
#3297=IFCAXIS2PLACEMENT3D(#3296,$,$);
#3298=IFCTEXTLITERAL('9',#3297,.RIGHT.);
#3299=IFCSHAPEREPRESENTATION(#11,'Annotation','Annotation2D',(#3298));
#3300=IFCPRODUCTDEFINITIONSHAPE($,$,(#3299));
#3301=IFCANNOTATION('14Vz5HIsL3Yv42DilLRxWR',$,'InfoBIM Reference Grid - YZ Label 9',$,'GRID_REFERENCE_LABEL',#3306,#3300);
#3302=IFCCARTESIANPOINT((-7.2210836785522901,6.2325857498660344,0.));
#3303=IFCDIRECTION((0.,0.,1.));
#3304=IFCDIRECTION((1.,0.,0.));
#3305=IFCAXIS2PLACEMENT3D(#3302,#3303,#3304);
#3306=IFCLOCALPLACEMENT($,#3305);
#3307=IFCCARTESIANPOINT((8.1536694284183238,0.,0.));
#3308=IFCCARTESIANPOINT((8.1536694284183238,9.1345040500431125,0.));
#3309=IFCPOLYLINE((#3307,#3308));
#3310=IFCGRIDAXIS('10',#3309,.T.);
#3311=IFCCARTESIANPOINT((8.1536694284183238,0.,0.));
#3312=IFCDIRECTION((0.,1.,0.));
#3313=IFCDIRECTION((0.,0.,1.));
#3314=IFCAXIS2PLACEMENT3D(#3311,#3312,#3313);
#3315=IFCRECTANGLEPROFILEDEF(.AREA.,$,$,0.029999999999999999,0.029999999999999999);
#3316=IFCDIRECTION((0.,0.,1.));
#3317=IFCEXTRUDEDAREASOLID(#3315,#3314,#3316,9.1345040500431125);
#3318=IFCCARTESIANPOINT((0.,0.,0.));
#3319=IFCAXIS2PLACEMENT3D(#3318,$,$);
#3320=IFCTEXTLITERAL('10',#3319,.RIGHT.);
#3321=IFCSHAPEREPRESENTATION(#11,'Annotation','Annotation2D',(#3320));
#3322=IFCPRODUCTDEFINITIONSHAPE($,$,(#3321));
#3323=IFCANNOTATION('1V6DSXsJzDohncAtyxojUN',$,'InfoBIM Reference Grid - YZ Label 10',$,'GRID_REFERENCE_LABEL',#3328,#3322);
#3324=IFCCARTESIANPOINT((-7.2210836785522901,8.1536694284183238,0.));
#3325=IFCDIRECTION((0.,0.,1.));
#3326=IFCDIRECTION((1.,0.,0.));
#3327=IFCAXIS2PLACEMENT3D(#3324,#3325,#3326);
#3328=IFCLOCALPLACEMENT($,#3327);
#3329=IFCCARTESIANPOINT((10.074753106970617,0.,0.));
#3330=IFCCARTESIANPOINT((10.074753106970617,9.1345040500431125,0.));
#3331=IFCPOLYLINE((#3329,#3330));
#3332=IFCGRIDAXIS('11',#3331,.T.);
#3333=IFCCARTESIANPOINT((10.074753106970617,0.,0.));
#3334=IFCDIRECTION((0.,1.,0.));
#3335=IFCDIRECTION((0.,0.,1.));
#3336=IFCAXIS2PLACEMENT3D(#3333,#3334,#3335);
#3337=IFCRECTANGLEPROFILEDEF(.AREA.,$,$,0.029999999999999999,0.029999999999999999);
#3338=IFCDIRECTION((0.,0.,1.));
#3339=IFCEXTRUDEDAREASOLID(#3337,#3336,#3338,9.1345040500431125);
#3340=IFCCARTESIANPOINT((0.,0.,0.));
#3341=IFCAXIS2PLACEMENT3D(#3340,$,$);
#3342=IFCTEXTLITERAL('11',#3341,.RIGHT.);
#3343=IFCSHAPEREPRESENTATION(#11,'Annotation','Annotation2D',(#3342));
#3344=IFCPRODUCTDEFINITIONSHAPE($,$,(#3343));
#3345=IFCANNOTATION('3vN1jbV7T8gRwvVYgUFlyp',$,'InfoBIM Reference Grid - YZ Label 11',$,'GRID_REFERENCE_LABEL',#3350,#3344);
#3346=IFCCARTESIANPOINT((-7.2210836785522901,10.074753106970617,0.));
#3347=IFCDIRECTION((0.,0.,1.));
#3348=IFCDIRECTION((1.,0.,0.));
#3349=IFCAXIS2PLACEMENT3D(#3346,#3347,#3348);
#3350=IFCLOCALPLACEMENT($,#3349);
#3351=IFCCARTESIANPOINT((-9.136083678552291,0.,0.));
#3352=IFCCARTESIANPOINT((9.136083678552291,0.,0.));
#3353=IFCPOLYLINE((#3351,#3352));
#3354=IFCGRIDAXIS('\X2\03B1\X0\',#3353,.T.);
#3355=IFCCARTESIANPOINT((-9.136083678552291,0.,0.));
#3356=IFCDIRECTION((1.,0.,0.));
#3357=IFCDIRECTION((0.,0.,1.));
#3358=IFCAXIS2PLACEMENT3D(#3355,#3356,#3357);
#3359=IFCRECTANGLEPROFILEDEF(.AREA.,$,$,0.029999999999999999,0.029999999999999999);
#3360=IFCDIRECTION((0.,0.,1.));
#3361=IFCEXTRUDEDAREASOLID(#3359,#3358,#3360,18.272167357104582);
#3362=IFCCARTESIANPOINT((0.,0.,0.));
#3363=IFCAXIS2PLACEMENT3D(#3362,$,$);
#3364=IFCTEXTLITERAL('\X2\03B1\X0\',#3363,.RIGHT.);
#3365=IFCSHAPEREPRESENTATION(#11,'Annotation','Annotation2D',(#3364));
#3366=IFCPRODUCTDEFINITIONSHAPE($,$,(#3365));
#3367=IFCANNOTATION('05BzB2am11iBGw5HQmEkU4',$,'InfoBIM Reference Grid - YZ Label \X2\03B1\X0\',$,'GRID_REFERENCE_LABEL',#3372,#3366);
#3368=IFCCARTESIANPOINT((-7.2210836785522901,-9.136083678552291,0.));
#3369=IFCDIRECTION((0.,0.,1.));
#3370=IFCDIRECTION((1.,0.,0.));
#3371=IFCAXIS2PLACEMENT3D(#3368,#3369,#3370);
#3372=IFCLOCALPLACEMENT($,#3371);
#3373=IFCCARTESIANPOINT((-9.136083678552291,1.9210836785522907,0.));
#3374=IFCCARTESIANPOINT((9.136083678552291,1.9210836785522907,0.));
#3375=IFCPOLYLINE((#3373,#3374));
#3376=IFCGRIDAXIS('\X2\03B2\X0\',#3375,.T.);
#3377=IFCCARTESIANPOINT((-9.136083678552291,1.9210836785522907,0.));
#3378=IFCDIRECTION((1.,0.,0.));
#3379=IFCDIRECTION((0.,0.,1.));
#3380=IFCAXIS2PLACEMENT3D(#3377,#3378,#3379);
#3381=IFCRECTANGLEPROFILEDEF(.AREA.,$,$,0.029999999999999999,0.029999999999999999);
#3382=IFCDIRECTION((0.,0.,1.));
#3383=IFCEXTRUDEDAREASOLID(#3381,#3380,#3382,18.272167357104582);
#3384=IFCCARTESIANPOINT((0.,0.,0.));
#3385=IFCAXIS2PLACEMENT3D(#3384,$,$);
#3386=IFCTEXTLITERAL('\X2\03B2\X0\',#3385,.RIGHT.);
#3387=IFCSHAPEREPRESENTATION(#11,'Annotation','Annotation2D',(#3386));
#3388=IFCPRODUCTDEFINITIONSHAPE($,$,(#3387));
#3389=IFCANNOTATION('2MjMkUJ9TDvhAXDhnGZhCn',$,'InfoBIM Reference Grid - YZ Label \X2\03B2\X0\',$,'GRID_REFERENCE_LABEL',#3394,#3388);
#3390=IFCCARTESIANPOINT((-7.2210836785522901,-9.136083678552291,1.9210836785522907));
#3391=IFCDIRECTION((0.,0.,1.));
#3392=IFCDIRECTION((1.,0.,0.));
#3393=IFCAXIS2PLACEMENT3D(#3390,#3391,#3392);
#3394=IFCLOCALPLACEMENT($,#3393);
#3395=IFCCARTESIANPOINT((-9.136083678552291,3.8421673571045813,0.));
#3396=IFCCARTESIANPOINT((9.136083678552291,3.8421673571045813,0.));
#3397=IFCPOLYLINE((#3395,#3396));
#3398=IFCGRIDAXIS('\X2\03B3\X0\',#3397,.T.);
#3399=IFCCARTESIANPOINT((-9.136083678552291,3.8421673571045813,0.));
#3400=IFCDIRECTION((1.,0.,0.));
#3401=IFCDIRECTION((0.,0.,1.));
#3402=IFCAXIS2PLACEMENT3D(#3399,#3400,#3401);
#3403=IFCRECTANGLEPROFILEDEF(.AREA.,$,$,0.029999999999999999,0.029999999999999999);
#3404=IFCDIRECTION((0.,0.,1.));
#3405=IFCEXTRUDEDAREASOLID(#3403,#3402,#3404,18.272167357104582);
#3406=IFCCARTESIANPOINT((0.,0.,0.));
#3407=IFCAXIS2PLACEMENT3D(#3406,$,$);
#3408=IFCTEXTLITERAL('\X2\03B3\X0\',#3407,.RIGHT.);
#3409=IFCSHAPEREPRESENTATION(#11,'Annotation','Annotation2D',(#3408));
#3410=IFCPRODUCTDEFINITIONSHAPE($,$,(#3409));
#3411=IFCANNOTATION('1sUsgBFdz3kPWLtxkr8EQG',$,'InfoBIM Reference Grid - YZ Label \X2\03B3\X0\',$,'GRID_REFERENCE_LABEL',#3416,#3410);
#3412=IFCCARTESIANPOINT((-7.2210836785522901,-9.136083678552291,3.8421673571045813));
#3413=IFCDIRECTION((0.,0.,1.));
#3414=IFCDIRECTION((1.,0.,0.));
#3415=IFCAXIS2PLACEMENT3D(#3412,#3413,#3414);
#3416=IFCLOCALPLACEMENT($,#3415);
#3417=IFCCARTESIANPOINT((-9.136083678552291,5.7632510356568716,0.));
#3418=IFCCARTESIANPOINT((9.136083678552291,5.7632510356568716,0.));
#3419=IFCPOLYLINE((#3417,#3418));
#3420=IFCGRIDAXIS('\X2\03B4\X0\',#3419,.T.);
#3421=IFCCARTESIANPOINT((-9.136083678552291,5.7632510356568716,0.));
#3422=IFCDIRECTION((1.,0.,0.));
#3423=IFCDIRECTION((0.,0.,1.));
#3424=IFCAXIS2PLACEMENT3D(#3421,#3422,#3423);
#3425=IFCRECTANGLEPROFILEDEF(.AREA.,$,$,0.029999999999999999,0.029999999999999999);
#3426=IFCDIRECTION((0.,0.,1.));
#3427=IFCEXTRUDEDAREASOLID(#3425,#3424,#3426,18.272167357104582);
#3428=IFCCARTESIANPOINT((0.,0.,0.));
#3429=IFCAXIS2PLACEMENT3D(#3428,$,$);
#3430=IFCTEXTLITERAL('\X2\03B4\X0\',#3429,.RIGHT.);
#3431=IFCSHAPEREPRESENTATION(#11,'Annotation','Annotation2D',(#3430));
#3432=IFCPRODUCTDEFINITIONSHAPE($,$,(#3431));
#3433=IFCANNOTATION('3_i0ZzlpH9I9s6TcNhY_QB',$,'InfoBIM Reference Grid - YZ Label \X2\03B4\X0\',$,'GRID_REFERENCE_LABEL',#3438,#3432);
#3434=IFCCARTESIANPOINT((-7.2210836785522901,-9.136083678552291,5.7632510356568716));
#3435=IFCDIRECTION((0.,0.,1.));
#3436=IFCDIRECTION((1.,0.,0.));
#3437=IFCAXIS2PLACEMENT3D(#3434,#3435,#3436);
#3438=IFCLOCALPLACEMENT($,#3437);
#3439=IFCCARTESIANPOINT((-9.136083678552291,7.6843347142091627,0.));
#3440=IFCCARTESIANPOINT((9.136083678552291,7.6843347142091627,0.));
#3441=IFCPOLYLINE((#3439,#3440));
#3442=IFCGRIDAXIS('\X2\03B5\X0\',#3441,.T.);
#3443=IFCCARTESIANPOINT((-9.136083678552291,7.6843347142091627,0.));
#3444=IFCDIRECTION((1.,0.,0.));
#3445=IFCDIRECTION((0.,0.,1.));
#3446=IFCAXIS2PLACEMENT3D(#3443,#3444,#3445);
#3447=IFCRECTANGLEPROFILEDEF(.AREA.,$,$,0.029999999999999999,0.029999999999999999);
#3448=IFCDIRECTION((0.,0.,1.));
#3449=IFCEXTRUDEDAREASOLID(#3447,#3446,#3448,18.272167357104582);
#3450=IFCCARTESIANPOINT((0.,0.,0.));
#3451=IFCAXIS2PLACEMENT3D(#3450,$,$);
#3452=IFCTEXTLITERAL('\X2\03B5\X0\',#3451,.RIGHT.);
#3453=IFCSHAPEREPRESENTATION(#11,'Annotation','Annotation2D',(#3452));
#3454=IFCPRODUCTDEFINITIONSHAPE($,$,(#3453));
#3455=IFCANNOTATION('1oku58FoH9mBVdtmt$rlzV',$,'InfoBIM Reference Grid - YZ Label \X2\03B5\X0\',$,'GRID_REFERENCE_LABEL',#3460,#3454);
#3456=IFCCARTESIANPOINT((-7.2210836785522901,-9.136083678552291,7.6843347142091627));
#3457=IFCDIRECTION((0.,0.,1.));
#3458=IFCDIRECTION((1.,0.,0.));
#3459=IFCAXIS2PLACEMENT3D(#3456,#3457,#3458);
#3460=IFCLOCALPLACEMENT($,#3459);
#3461=IFCCARTESIANPOINT((-9.136083678552291,9.6054183927614538,0.));
#3462=IFCCARTESIANPOINT((9.136083678552291,9.6054183927614538,0.));
#3463=IFCPOLYLINE((#3461,#3462));
#3464=IFCGRIDAXIS('\X2\03B6\X0\',#3463,.T.);
#3465=IFCCARTESIANPOINT((-9.136083678552291,9.6054183927614538,0.));
#3466=IFCDIRECTION((1.,0.,0.));
#3467=IFCDIRECTION((0.,0.,1.));
#3468=IFCAXIS2PLACEMENT3D(#3465,#3466,#3467);
#3469=IFCRECTANGLEPROFILEDEF(.AREA.,$,$,0.029999999999999999,0.029999999999999999);
#3470=IFCDIRECTION((0.,0.,1.));
#3471=IFCEXTRUDEDAREASOLID(#3469,#3468,#3470,18.272167357104582);
#3472=IFCCARTESIANPOINT((0.,0.,0.));
#3473=IFCAXIS2PLACEMENT3D(#3472,$,$);
#3474=IFCTEXTLITERAL('\X2\03B6\X0\',#3473,.RIGHT.);
#3475=IFCSHAPEREPRESENTATION(#11,'Annotation','Annotation2D',(#3474));
#3476=IFCPRODUCTDEFINITIONSHAPE($,$,(#3475));
#3477=IFCANNOTATION('3S8p$UduD3C8EBH5yxLI2n',$,'InfoBIM Reference Grid - YZ Label \X2\03B6\X0\',$,'GRID_REFERENCE_LABEL',#3482,#3476);
#3478=IFCCARTESIANPOINT((-7.2210836785522901,-9.136083678552291,9.6054183927614538));
#3479=IFCDIRECTION((0.,0.,1.));
#3480=IFCDIRECTION((1.,0.,0.));
#3481=IFCAXIS2PLACEMENT3D(#3478,#3479,#3480);
#3482=IFCLOCALPLACEMENT($,#3481);
#3483=IFCSHAPEREPRESENTATION(#11,'Body','SweptSolid',(#3119,#3141,#3163,#3185,#3207,#3229,#3251,#3273,#3295,#3317,#3339,#3361,#3383,#3405,#3427,#3449,#3471));
#3484=IFCGRID('0ZgmF4KhHCGAGNmpa4zVSo',$,'InfoBIM Reference Grid - YZ',$,$,#3490,#3485,(#3112,#3134,#3156,#3178,#3200,#3222,#3244,#3266,#3288,#3310,#3332),(#3354,#3376,#3398,#3420,#3442,#3464),$,.RECTANGULAR.);
#3485=IFCPRODUCTDEFINITIONSHAPE($,$,(#3483));
#3486=IFCCARTESIANPOINT((-7.2210836785522901,0.,0.));
#3487=IFCDIRECTION((1.,0.,0.));
#3488=IFCDIRECTION((0.,1.,0.));
#3489=IFCAXIS2PLACEMENT3D(#3486,#3487,#3488);
#3490=IFCLOCALPLACEMENT($,#3489);
ENDSEC;
END-ISO-10303-21;
